67.28,28,Mr,00_09_46
71.04,28,Mr,00_24_47
63.3,28,Mr,00_39_49
72.38,28,Mr,00_54_50
69.41,28,Mr,01_09_51
68.33,28,Mr,01_24_52
68.24,28,Mr,01_39_53
61.47,28,Mr,01_54_54
64.4,28,Mr,02_09_56
60.22,28,Mr,02_24_57
64.34,28,Mr,02_39_58
65.02,28,Mr,02_54_59
63.13,28,Mr,03_10_01
63.27,28,Mr,03_25_02
62.1,28,Mr,03_40_03
66.44,28,Mr,03_55_04
56.39,28,Mr,04_10_05
58.21,28,Mr,04_25_06
54.4,28,Mr,04_40_07
56.37,28,Mr,04_55_08
54.31,28,Mr,05_10_10
55.57,28,Mr,05_25_11
53.39,28,Mr,05_40_11
53.29,28,Mr,05_55_13
57.16,28,Mr,06_10_14
57.56,28,Mr,06_25_15
57.11,28,Mr,06_40_16
55.56,28,Mr,06_55_17
54.52,28,Mr,07_10_18
59.2,28,Mr,07_25_19
53.02,28,Mr,07_40_20
58.45,28,Mr,07_55_21
54.02,28,Mr,08_10_23
56.08,28,Mr,08_25_24
54.46,28,Mr,08_40_25
53.12,28,Mr,08_55_26
53.48,28,Mr,09_10_27
55.55,28,Mr,09_25_28
55.57,28,Mr,09_40_29
53.17,28,Mr,09_55_30
53.41,28,Mr,10_10_31
53.31,28,Mr,10_25_32
52.47,28,Mr,10_40_34
53.01,28,Mr,10_55_35
54.0,28,Mr,11_10_36
57.22,28,Mr,11_25_37
54.33,28,Mr,11_40_38
54.13,28,Mr,11_55_39
52.12,28,Mr,12_10_40
55.47,28,Mr,12_25_41
58.26,28,Mr,12_40_42
55.56,28,Mr,12_55_43
51.1,28,Mr,13_10_44
52.21,28,Mr,13_25_46
51.23,28,Mr,13_40_47
53.11,28,Mr,13_55_48
57.5,28,Mr,14_10_49
57.28,28,Mr,14_25_50
63.55,28,Mr,14_40_51
65.4,28,Mr,14_55_52
60.32,28,Mr,15_10_53
61.08,28,Mr,15_25_54
65.02,28,Mr,15_40_55
58.03,28,Mr,15_55_56
65.54,28,Mr,16_10_58
54.44,28,Mr,16_25_59
57.08,28,Mr,16_41_00
55.53,28,Mr,16_56_01
57.02,28,Mr,17_11_02
54.2,28,Mr,17_26_03
54.56,28,Mr,17_41_05
60.29,28,Mr,17_56_06
67.47,28,Mr,18_11_07
63.52,28,Mr,18_26_08
64.46,28,Mr,18_41_09
68.2,28,Mr,18_56_10
57.51,28,Mr,19_11_12
62.03,28,Mr,19_26_13
54.01,28,Mr,19_41_14
62.06,28,Mr,19_56_15
57.55,28,Mr,20_11_17
63.4,28,Mr,20_26_18
57.58,28,Mr,20_41_20
57.44,28,Mr,20_56_22
63.02,28,Mr,21_11_23
57.17,28,Mr,21_26_24
56.47,28,Mr,21_41_25
57.59,28,Mr,21_56_26
62.03,28,Mr,22_11_28
63.41,28,Mr,22_26_29
57.13,28,Mr,22_41_30
61.54,28,Mr,22_56_31
69.04,28,Mr,23_11_33
67.04,28,Mr,23_26_34
67.16,28,Mr,23_41_35
61.02,28,Mr,23_56_36
74.26,29,Mr,00_11_37
67.3,29,Mr,00_26_38
82.44,29,Mr,00_41_39
71.36,29,Mr,00_56_40
65.36,29,Mr,01_11_42
63.26,29,Mr,01_26_43
61.02,29,Mr,01_41_44
64.19,29,Mr,01_56_45
64.41,29,Mr,02_11_46
66.11,29,Mr,02_26_47
56.26,29,Mr,02_41_49
69.0,29,Mr,02_56_50
65.34,29,Mr,03_11_52
62.51,29,Mr,03_26_53
63.43,29,Mr,03_41_54
65.04,29,Mr,03_56_55
54.56,29,Mr,04_11_56
53.18,29,Mr,04_26_57
51.28,29,Mr,04_41_58
53.13,29,Mr,04_56_59
55.27,29,Mr,05_12_01
57.15,29,Mr,05_27_03
56.1,29,Mr,05_42_05
54.23,29,Mr,05_57_06
53.48,29,Mr,06_12_08
54.23,29,Mr,06_27_09
55.51,29,Mr,06_42_10
61.24,29,Mr,06_57_11
51.51,29,Mr,07_12_13
56.4,29,Mr,07_27_14
54.09,29,Mr,07_42_15
53.5,29,Mr,07_57_16
55.41,29,Mr,08_12_17
56.52,29,Mr,08_27_19
52.0,29,Mr,08_42_20
52.1,29,Mr,08_57_21
56.36,29,Mr,09_12_22
56.41,29,Mr,09_27_23
52.35,29,Mr,09_42_24
51.02,29,Mr,09_57_25
51.1,29,Mr,10_12_26
51.01,29,Mr,10_27_27
50.57,29,Mr,10_42_28
50.58,29,Mr,10_57_29
50.58,29,Mr,11_12_31
51.01,29,Mr,11_27_32
51.13,29,Mr,11_42_33
52.11,29,Mr,11_57_34
54.03,29,Mr,12_12_35
54.37,29,Mr,12_27_36
54.41,29,Mr,12_42_37
52.2,29,Mr,12_57_38
60.17,29,Mr,13_12_40
52.41,29,Mr,13_27_41
53.13,29,Mr,13_42_42
54.31,29,Mr,13_57_43
56.0,29,Mr,14_12_45
58.31,29,Mr,14_27_46
59.57,29,Mr,14_42_47
63.59,29,Mr,14_57_48
58.58,29,Mr,15_12_49
62.46,29,Mr,15_27_50
62.59,29,Mr,15_42_51
59.26,29,Mr,15_57_52
63.43,29,Mr,16_12_54
62.46,29,Mr,16_27_55
59.33,29,Mr,16_42_56
58.58,29,Mr,16_57_57
56.28,29,Mr,17_12_59
57.1,29,Mr,17_28_00
61.31,29,Mr,17_43_01
61.22,29,Mr,17_58_02
55.22,29,Mr,18_13_03
57.18,29,Mr,18_28_04
57.16,29,Mr,18_43_05
58.19,29,Mr,18_58_06
58.1,29,Mr,19_13_08
54.36,29,Mr,19_28_09
55.53,29,Mr,19_43_10
56.2,29,Mr,19_58_12
52.3,29,Mr,20_13_13
57.46,29,Mr,20_28_14
56.58,29,Mr,20_43_16
59.04,29,Mr,20_58_17
55.1,29,Mr,21_13_19
55.05,29,Mr,21_28_20
56.34,29,Mr,21_43_21
59.23,29,Mr,21_58_22
57.44,29,Mr,22_13_24
60.07,29,Mr,22_28_25
59.39,29,Mr,22_43_27
60.13,29,Mr,22_58_28
68.5,29,Mr,23_13_29
64.37,29,Mr,23_28_31
69.52,29,Mr,23_43_32
73.33,29,Mr,23_58_33
70.37,30,Mr,00_13_34
74.54,30,Mr,00_28_35
71.23,30,Mr,00_43_37
63.17,30,Mr,00_58_38
66.04,30,Mr,01_13_39
69.24,30,Mr,01_28_40
75.5,30,Mr,01_43_41
72.41,30,Mr,01_58_42
72.59,30,Mr,02_13_44
60.23,30,Mr,02_28_45
65.16,30,Mr,02_43_46
66.47,30,Mr,02_58_47
60.34,30,Mr,03_13_48
68.04,30,Mr,03_28_49
61.27,30,Mr,03_43_50
62.55,30,Mr,03_58_51
59.55,30,Mr,04_13_52
58.46,30,Mr,04_28_54
58.01,30,Mr,04_43_55
56.39,30,Mr,04_58_56
52.37,30,Mr,05_13_58
57.44,30,Mr,05_28_59
57.09,30,Mr,05_44_00
56.31,30,Mr,05_59_02
57.3,30,Mr,06_14_04
53.52,30,Mr,06_29_05
53.11,30,Mr,06_44_06
53.52,30,Mr,06_59_07
61.15,30,Mr,07_14_08
59.26,30,Mr,07_29_09
63.59,30,Mr,07_44_10
62.04,30,Mr,07_59_12
60.01,30,Mr,08_14_13
61.34,30,Mr,08_29_14
60.41,30,Mr,08_44_16
60.14,30,Mr,08_59_17
59.08,30,Mr,09_14_19
59.2,30,Mr,09_29_20
58.57,30,Mr,09_44_21
58.56,30,Mr,09_59_22
53.46,30,Mr,10_14_23
52.55,30,Mr,10_29_24
52.46,30,Mr,10_44_26
53.15,30,Mr,10_59_27
54.17,30,Mr,12_44_35
52.35,30,Mr,12_59_36
52.07,30,Mr,13_14_37
53.52,30,Mr,13_29_38
54.49,30,Mr,13_44_39
59.05,30,Mr,13_59_40
60.28,30,Mr,14_14_42
59.05,30,Mr,14_29_43
65.43,30,Mr,14_57_58
65.4,30,Mr,14_59_33
64.2,30,Mr,15_14_33
66.15,30,Mr,15_29_35
67.13,30,Mr,15_44_35
67.01,30,Mr,15_59_36
57.23,30,Mr,16_14_38
63.1,30,Mr,16_29_39
59.31,30,Mr,16_44_40
61.23,30,Mr,16_59_41
57.18,30,Mr,17_14_42
55.22,30,Mr,17_29_43
64.08,30,Mr,17_44_44
63.4,30,Mr,17_59_45
63.55,30,Mr,18_14_46
56.32,30,Mr,18_29_47
59.2,30,Mr,18_44_48
59.15,30,Mr,18_59_49
62.57,30,Mr,19_14_50
64.57,30,Mr,19_29_51
60.34,30,Mr,19_44_52
66.33,30,Mr,19_59_53
56.5,30,Mr,20_14_54
57.16,30,Mr,20_29_55
58.46,30,Mr,20_44_57
62.04,30,Mr,20_59_59
64.49,30,Mr,21_15_00
60.14,30,Mr,21_30_01
61.14,30,Mr,21_45_02
62.49,30,Mr,22_00_03
60.58,30,Mr,22_15_05
59.14,30,Mr,22_30_06
59.16,30,Mr,22_45_08
62.56,30,Mr,23_00_09
66.35,30,Mr,23_15_10
65.11,30,Mr,23_30_11
71.22,30,Mr,23_45_12
79.09,31,Mr,00_00_14
64.5,31,Mr,00_15_15
61.46,31,Mr,00_30_17
66.08,31,Mr,00_45_19
68.33,31,Mr,01_00_20
74.55,31,Mr,01_15_21
64.43,31,Mr,01_30_23
63.51,31,Mr,01_45_24
59.29,31,Mr,02_00_25
66.5,31,Mr,02_15_27
66.39,31,Mr,02_30_28
69.38,31,Mr,02_45_30
68.35,31,Mr,03_00_31
65.22,31,Mr,03_15_32
65.13,31,Mr,03_30_33
64.52,31,Mr,03_45_35
60.38,31,Mr,04_00_36
58.32,31,Mr,04_15_37
56.17,31,Mr,04_30_38
58.5,31,Mr,04_45_39
56.01,31,Mr,05_00_41
56.33,31,Mr,05_15_43
54.09,31,Mr,05_30_44
54.37,31,Mr,05_45_45
56.46,31,Mr,06_00_46
56.39,31,Mr,06_15_47
63.07,31,Mr,06_30_48
56.02,31,Mr,06_45_49
61.43,31,Mr,07_00_50
56.24,31,Mr,07_15_52
55.34,31,Mr,07_30_53
55.02,31,Mr,07_45_54
55.43,31,Mr,08_00_55
57.32,31,Mr,08_15_56
55.06,31,Mr,08_30_57
54.47,31,Mr,08_45_58
59.17,31,Mr,09_00_59
59.13,31,Mr,09_16_00
54.55,31,Mr,09_31_01
60.13,31,Mr,09_46_03
55.34,31,Mr,10_01_04
56.29,31,Mr,10_16_05
56.11,31,Mr,10_31_06
56.11,31,Mr,10_46_07
56.35,31,Mr,11_01_08
56.52,31,Mr,11_16_09
57.1,31,Mr,12_46_16
55.41,31,Mr,13_01_17
51.46,31,Mr,13_16_18
54.47,31,Mr,13_31_19
53.19,31,Mr,13_46_20
57.3,31,Mr,14_01_21
57.49,31,Mr,14_16_22
62.47,31,Mr,14_31_23
61.08,31,Mr,14_46_24
63.08,31,Mr,15_01_25
65.58,31,Mr,15_16_26
62.18,31,Mr,15_31_27
60.24,31,Mr,15_46_28
67.35,31,Mr,16_01_29
65.37,31,Mr,16_16_30
62.13,31,Mr,16_31_31
57.08,31,Mr,16_46_32
62.06,31,Mr,17_01_33
56.32,31,Mr,17_16_34
62.2,31,Mr,17_31_35
54.23,31,Mr,17_46_36
54.26,31,Mr,18_01_37
64.36,31,Mr,18_16_38
66.23,31,Mr,18_31_39
57.34,31,Mr,18_46_41
60.1,31,Mr,19_01_42
61.19,31,Mr,19_16_43
61.07,31,Mr,19_31_44
57.5,31,Mr,19_46_45
63.44,31,Mr,20_01_46
63.55,31,Mr,20_16_47
58.0,31,Mr,20_31_48
56.17,31,Mr,20_46_50
60.07,31,Mr,21_01_51
58.55,31,Mr,21_16_52
58.0,31,Mr,21_31_54
62.3,31,Mr,21_46_55
61.53,31,Mr,22_01_56
61.38,31,Mr,22_16_57
63.1,31,Mr,22_31_58
59.43,31,Mr,22_46_59
72.22,31,Mr,23_02_00
67.31,31,Mr,23_17_01
63.34,31,Mr,23_32_02
71.04,31,Mr,23_47_03
72.52,1,Apr,00_02_04
68.47,1,Apr,00_17_06
64.48,1,Apr,00_32_07
77.46,1,Apr,00_47_08
70.14,1,Apr,01_02_09
64.31,1,Apr,01_17_11
67.37,1,Apr,01_32_12
63.01,1,Apr,01_47_13
60.13,1,Apr,02_02_15
67.1,1,Apr,02_17_16
64.47,1,Apr,02_32_17
67.36,1,Apr,02_47_18
62.22,1,Apr,03_02_20
63.01,1,Apr,03_17_21
67.44,1,Apr,03_32_22
61.02,1,Apr,03_47_24
55.26,1,Apr,04_02_25
59.06,1,Apr,04_17_26
56.0,1,Apr,04_32_27
55.02,1,Apr,04_47_28
56.28,1,Apr,05_02_29
57.29,1,Apr,05_17_31
53.58,1,Apr,05_32_31
52.07,1,Apr,05_47_32
62.18,1,Apr,06_02_33
61.24,1,Apr,06_17_34
64.3,1,Apr,06_32_35
52.46,1,Apr,06_47_36
58.19,1,Apr,07_02_37
54.28,1,Apr,07_17_38
53.26,1,Apr,07_32_39
56.51,1,Apr,07_47_40
52.11,1,Apr,08_02_41
53.39,1,Apr,08_17_42
51.28,1,Apr,08_32_43
53.11,1,Apr,08_47_44
52.13,1,Apr,09_02_46
49.35,1,Apr,09_17_47
50.32,1,Apr,09_32_48
53.42,1,Apr,09_47_49
50.53,1,Apr,10_02_50
50.32,1,Apr,10_17_51
51.5,1,Apr,10_32_52
59.16,1,Apr,10_47_53
51.37,1,Apr,11_02_54
51.14,1,Apr,11_17_55
53.11,1,Apr,11_47_57
55.08,1,Apr,12_02_58
55.04,1,Apr,12_17_59
51.32,1,Apr,12_32_59
54.55,1,Apr,12_48_00
54.4,1,Apr,13_03_01
51.07,1,Apr,13_18_03
59.08,1,Apr,13_33_04
53.59,1,Apr,13_48_05
53.44,1,Apr,14_03_06
57.0,1,Apr,14_18_07
58.41,1,Apr,14_33_08
56.55,1,Apr,14_48_09
50.41,1,Apr,15_03_10
57.25,1,Apr,15_18_11
52.58,1,Apr,15_33_12
56.05,1,Apr,15_48_13
60.18,1,Apr,16_03_14
57.12,1,Apr,16_18_15
60.28,1,Apr,16_33_16
59.23,1,Apr,16_48_17
53.22,1,Apr,17_03_18
57.57,1,Apr,17_18_19
62.19,1,Apr,17_33_20
56.24,1,Apr,17_48_21
55.02,1,Apr,18_03_22
62.4,1,Apr,18_18_23
70.49,1,Apr,18_33_24
57.32,1,Apr,18_48_25
61.11,1,Apr,19_03_26
59.5,1,Apr,19_18_27
57.07,1,Apr,19_33_28
60.37,1,Apr,19_48_29
61.11,1,Apr,20_03_30
65.38,1,Apr,20_18_31
61.32,1,Apr,20_33_32
62.19,1,Apr,20_48_34
60.26,1,Apr,21_03_35
58.4,1,Apr,21_18_36
58.31,1,Apr,21_33_37
64.42,1,Apr,21_48_38
63.03,1,Apr,22_03_39
60.07,1,Apr,22_18_40
62.51,1,Apr,22_33_41
59.16,1,Apr,22_48_42
69.43,1,Apr,23_03_43
61.38,1,Apr,23_18_44
60.22,1,Apr,23_33_45
59.43,1,Apr,23_48_46
58.27,2,Apr,00_03_47
66.22,2,Apr,00_18_49
74.09,2,Apr,00_33_50
67.06,2,Apr,00_48_51
57.26,2,Apr,01_03_52
63.11,2,Apr,01_18_53
57.11,2,Apr,01_33_54
60.53,2,Apr,01_48_55
62.2,2,Apr,02_03_56
64.32,2,Apr,02_18_57
63.53,2,Apr,02_33_58
65.31,2,Apr,02_48_59
69.37,2,Apr,03_04_00
55.49,2,Apr,03_19_01
63.41,2,Apr,03_34_03
61.19,2,Apr,03_49_04
56.44,2,Apr,04_04_05
54.16,2,Apr,04_19_06
58.14,2,Apr,04_34_07
57.16,2,Apr,04_49_08
63.14,2,Apr,05_04_10
57.37,2,Apr,05_19_11
54.08,2,Apr,05_34_12
56.37,2,Apr,05_49_14
55.33,2,Apr,06_04_15
60.45,2,Apr,06_19_16
58.06,2,Apr,06_34_18
54.05,2,Apr,06_49_19
62.29,2,Apr,07_04_20
54.04,2,Apr,07_19_21
61.21,2,Apr,07_34_22
61.22,2,Apr,07_49_23
54.14,2,Apr,08_04_24
56.28,2,Apr,08_19_25
52.06,2,Apr,08_34_26
51.36,2,Apr,08_49_27
55.32,2,Apr,09_04_28
52.21,2,Apr,09_19_29
54.53,2,Apr,09_34_31
54.0,2,Apr,09_49_33
53.36,2,Apr,10_04_34
50.57,2,Apr,10_19_35
55.28,2,Apr,10_34_37
52.5,2,Apr,10_49_37
50.2,2,Apr,11_04_39
56.25,2,Apr,11_19_40
49.13,2,Apr,11_34_41
48.56,2,Apr,11_49_42
49.56,2,Apr,12_04_43
50.55,2,Apr,12_19_44
49.11,2,Apr,12_34_45
50.17,2,Apr,12_49_46
50.13,2,Apr,13_04_47
52.23,2,Apr,13_19_48
50.39,2,Apr,13_34_50
49.53,2,Apr,13_49_51
55.47,2,Apr,14_04_52
58.07,2,Apr,14_19_53
53.44,2,Apr,14_34_55
53.04,2,Apr,14_49_56
51.11,2,Apr,15_04_57
53.41,2,Apr,15_19_58
57.06,2,Apr,15_34_59
49.1,2,Apr,15_50_00
50.18,2,Apr,16_05_01
50.43,2,Apr,16_20_02
59.46,2,Apr,16_35_04
58.52,2,Apr,16_50_05
60.43,2,Apr,17_05_05
58.59,2,Apr,17_20_06
65.1,2,Apr,17_35_08
63.13,2,Apr,17_50_09
55.34,2,Apr,18_05_10
57.43,2,Apr,18_20_11
56.09,2,Apr,18_35_12
51.58,2,Apr,18_50_13
55.08,2,Apr,19_05_14
54.44,2,Apr,19_20_15
54.42,2,Apr,19_35_17
61.54,2,Apr,19_50_17
60.09,2,Apr,20_05_18
55.51,2,Apr,20_20_19
54.44,2,Apr,20_35_21
59.59,2,Apr,20_50_22
61.52,2,Apr,21_05_23
60.04,2,Apr,21_20_24
51.5,2,Apr,21_35_26
58.12,2,Apr,21_50_27
56.23,2,Apr,22_05_28
55.31,2,Apr,22_20_29
56.55,2,Apr,22_35_30
55.44,2,Apr,22_50_31
61.34,2,Apr,23_05_32
54.37,2,Apr,23_20_33
58.44,2,Apr,23_35_35
60.56,2,Apr,23_50_36
65.05,3,Apr,00_05_37
64.56,3,Apr,00_20_38
73.26,3,Apr,00_35_39
57.15,3,Apr,00_50_41
61.59,3,Apr,01_05_42
63.52,3,Apr,01_20_42
62.1,3,Apr,01_35_44
61.08,3,Apr,01_50_45
62.2,3,Apr,02_05_46
55.2,3,Apr,02_20_47
63.07,3,Apr,02_35_48
66.55,3,Apr,02_50_49
60.09,3,Apr,03_05_50
53.5,3,Apr,03_20_51
63.17,3,Apr,03_35_52
57.4,3,Apr,03_50_53
53.13,3,Apr,04_05_54
53.58,3,Apr,04_20_56
52.02,3,Apr,04_35_57
55.29,3,Apr,04_50_58
56.03,3,Apr,05_05_59
52.49,3,Apr,05_21_01
53.06,3,Apr,05_36_02
61.32,3,Apr,05_51_04
61.14,3,Apr,06_06_06
52.14,3,Apr,06_21_07
56.41,3,Apr,06_36_08
61.35,3,Apr,06_51_09
54.19,3,Apr,07_06_10
53.05,3,Apr,07_21_11
55.39,3,Apr,07_36_12
55.1,3,Apr,07_51_13
51.53,3,Apr,08_06_14
51.55,3,Apr,08_21_15
51.14,3,Apr,08_36_17
49.57,3,Apr,08_51_18
50.57,3,Apr,09_06_19
52.31,3,Apr,09_21_20
52.36,3,Apr,09_36_21
50.41,3,Apr,09_51_23
50.16,3,Apr,10_06_23
49.34,3,Apr,10_21_25
50.22,3,Apr,10_36_26
49.11,3,Apr,10_51_27
49.56,3,Apr,11_06_28
49.17,3,Apr,11_21_29
50.41,3,Apr,11_36_30
50.26,3,Apr,11_51_31
48.47,3,Apr,12_06_32
53.39,3,Apr,12_21_34
53.43,3,Apr,12_36_35
51.52,3,Apr,12_51_36
57.49,3,Apr,13_06_37
51.46,3,Apr,13_21_38
55.13,3,Apr,13_36_39
57.26,3,Apr,13_51_40
56.45,3,Apr,14_06_41
59.49,3,Apr,14_21_42
57.08,3,Apr,14_36_44
62.2,3,Apr,14_51_45
64.23,3,Apr,15_06_46
65.45,3,Apr,15_21_47
62.49,3,Apr,15_36_49
61.4,3,Apr,15_51_50
66.51,3,Apr,16_06_51
59.13,3,Apr,16_21_52
59.41,3,Apr,16_36_53
57.07,3,Apr,16_51_54
63.25,3,Apr,17_06_55
57.05,3,Apr,17_21_56
51.59,3,Apr,17_36_57
56.46,3,Apr,17_51_59
57.35,3,Apr,18_06_59
55.57,3,Apr,18_22_00
61.28,3,Apr,18_37_02
62.38,3,Apr,18_52_03
57.2,3,Apr,19_07_04
55.14,3,Apr,19_22_06
55.05,3,Apr,19_37_07
57.02,3,Apr,19_52_09
59.28,3,Apr,20_07_09
57.5,3,Apr,20_22_11
57.13,3,Apr,20_37_13
60.5,3,Apr,20_52_14
61.59,3,Apr,21_07_15
60.38,3,Apr,21_22_16
59.01,3,Apr,21_37_18
61.29,3,Apr,21_52_19
64.23,3,Apr,22_07_20
64.33,3,Apr,22_22_21
70.27,3,Apr,22_37_23
63.47,3,Apr,22_52_24
63.53,3,Apr,23_07_26
67.41,3,Apr,23_22_27
69.05,3,Apr,23_37_29
71.43,3,Apr,23_52_30
72.16,4,Apr,00_07_31
74.56,4,Apr,00_22_33
67.36,4,Apr,00_37_34
65.29,4,Apr,00_52_35
71.04,4,Apr,01_07_37
70.26,4,Apr,01_22_38
62.15,4,Apr,01_37_40
64.3,4,Apr,01_52_41
63.1,4,Apr,02_07_43
70.16,4,Apr,02_22_44
65.55,4,Apr,02_37_45
69.25,4,Apr,02_52_46
60.4,4,Apr,03_07_47
64.44,4,Apr,03_22_49
67.25,4,Apr,03_37_50
57.43,4,Apr,03_52_51
59.15,4,Apr,04_07_52
56.46,4,Apr,04_22_54
62.15,4,Apr,04_37_55
63.56,4,Apr,04_52_56
55.59,4,Apr,05_07_57
53.28,4,Apr,05_22_59
59.15,4,Apr,05_38_00
60.25,4,Apr,05_53_02
56.18,4,Apr,06_08_03
58.31,4,Apr,06_23_05
60.08,4,Apr,06_38_06
57.25,4,Apr,06_53_07
52.41,4,Apr,07_08_08
58.43,4,Apr,07_23_09
54.41,4,Apr,07_38_10
52.58,4,Apr,07_53_11
53.35,4,Apr,08_08_12
54.5,4,Apr,08_23_13
55.18,4,Apr,08_38_15
52.5,4,Apr,08_53_16
57.47,4,Apr,09_08_17
56.23,4,Apr,09_23_18
55.44,4,Apr,09_38_19
57.11,4,Apr,09_53_21
53.14,4,Apr,10_08_22
54.04,4,Apr,10_23_23
52.14,4,Apr,10_38_24
52.35,4,Apr,10_53_25
56.34,4,Apr,11_08_26
54.25,4,Apr,11_23_27
58.02,4,Apr,11_38_28
52.55,4,Apr,11_53_29
51.2,4,Apr,12_08_30
51.5,4,Apr,12_23_31
54.08,4,Apr,12_38_33
54.13,4,Apr,12_53_34
51.34,4,Apr,13_08_35
51.29,4,Apr,13_23_36
53.32,4,Apr,13_38_37
53.16,4,Apr,13_53_39
54.07,4,Apr,14_08_40
57.19,4,Apr,14_23_41
64.13,4,Apr,14_38_42
63.26,4,Apr,14_53_43
67.48,4,Apr,15_08_44
61.01,4,Apr,15_23_45
66.02,4,Apr,15_38_46
63.28,4,Apr,15_53_47
64.33,4,Apr,16_08_48
59.49,4,Apr,16_23_49
61.34,4,Apr,16_38_51
61.46,4,Apr,16_53_52
60.58,4,Apr,17_08_53
58.37,4,Apr,17_23_54
56.16,4,Apr,17_38_55
57.55,4,Apr,17_53_56
59.42,4,Apr,18_08_57
58.4,4,Apr,18_23_58
67.57,4,Apr,18_38_59
66.16,4,Apr,18_54_00
61.45,4,Apr,19_09_01
60.13,4,Apr,19_24_02
56.19,4,Apr,19_39_04
61.52,4,Apr,19_54_05
57.35,4,Apr,20_09_06
56.41,4,Apr,20_24_07
57.2,4,Apr,20_39_09
71.11,4,Apr,20_54_10
62.32,4,Apr,21_09_11
68.51,4,Apr,21_24_13
60.01,4,Apr,21_39_14
64.42,4,Apr,21_54_15
65.22,4,Apr,22_09_17
60.02,4,Apr,22_24_18
63.2,4,Apr,22_39_19
59.23,4,Apr,22_54_20
75.28,4,Apr,23_09_22
70.51,4,Apr,23_24_22
70.44,4,Apr,23_39_25
66.23,4,Apr,23_54_26
72.16,5,Apr,00_09_27
81.14,5,Apr,00_24_29
70.28,5,Apr,00_39_30
63.16,5,Apr,00_54_31
69.16,5,Apr,01_09_32
72.38,5,Apr,01_24_33
67.4,5,Apr,01_39_35
57.46,5,Apr,01_54_36
66.42,5,Apr,02_09_37
66.04,5,Apr,02_24_38
57.51,5,Apr,02_39_40
62.59,5,Apr,02_54_41
58.59,5,Apr,03_09_42
65.44,5,Apr,03_24_43
70.02,5,Apr,03_39_44
68.31,5,Apr,03_54_45
56.43,5,Apr,04_09_46
55.03,5,Apr,04_24_47
54.56,5,Apr,04_39_49
55.16,5,Apr,04_54_50
51.59,5,Apr,05_09_51
51.41,5,Apr,05_24_52
52.27,5,Apr,05_39_53
50.19,5,Apr,05_54_55
53.18,5,Apr,06_09_56
52.32,5,Apr,06_24_57
56.56,5,Apr,06_39_59
52.38,5,Apr,06_55_00
53.13,5,Apr,07_10_00
53.04,5,Apr,07_25_02
56.0,5,Apr,07_40_03
56.52,5,Apr,07_55_04
53.11,5,Apr,08_10_05
52.17,5,Apr,08_25_06
51.24,5,Apr,08_40_07
54.23,5,Apr,08_55_09
57.37,5,Apr,09_10_10
56.45,5,Apr,09_25_11
56.12,5,Apr,09_40_12
53.59,5,Apr,09_55_14
51.49,5,Apr,10_10_15
51.34,5,Apr,10_25_16
51.43,5,Apr,10_40_17
51.2,5,Apr,10_55_18
50.59,5,Apr,11_10_19
50.42,5,Apr,11_25_20
50.27,5,Apr,11_40_21
50.47,5,Apr,11_55_23
51.56,5,Apr,12_10_24
51.5,5,Apr,12_25_25
54.05,5,Apr,12_40_26
52.51,5,Apr,12_55_27
55.08,5,Apr,13_10_28
56.58,5,Apr,13_25_29
57.03,5,Apr,13_40_31
57.13,5,Apr,13_55_32
63.23,5,Apr,14_10_33
60.5,5,Apr,14_25_34
62.4,5,Apr,14_40_36
65.43,5,Apr,14_55_37
63.46,5,Apr,15_10_38
66.48,5,Apr,15_25_39
60.32,5,Apr,15_40_41
60.3,5,Apr,15_55_42
65.0,5,Apr,16_10_43
64.35,5,Apr,16_25_44
64.47,5,Apr,16_40_45
68.47,5,Apr,16_55_46
61.2,5,Apr,17_10_47
56.08,5,Apr,17_25_48
57.52,5,Apr,17_40_50
62.01,5,Apr,17_55_51
59.08,5,Apr,18_10_52
60.16,5,Apr,18_25_53
56.47,5,Apr,18_40_54
61.28,5,Apr,18_55_55
64.08,5,Apr,19_25_52
60.25,5,Apr,19_40_54
58.47,5,Apr,19_55_55
56.43,5,Apr,20_10_56
58.15,5,Apr,20_25_57
61.41,5,Apr,20_40_58
56.28,5,Apr,20_56_00
61.44,5,Apr,21_11_00
57.56,5,Apr,21_26_01
58.49,5,Apr,21_41_03
60.22,5,Apr,21_56_04
62.44,5,Apr,22_11_05
63.35,5,Apr,22_26_06
65.29,5,Apr,22_41_08
63.16,5,Apr,22_56_09
61.59,5,Apr,23_11_10
70.24,5,Apr,23_26_11
75.58,5,Apr,23_41_13
66.29,5,Apr,23_56_15
68.13,6,Apr,00_11_16
70.44,6,Apr,00_26_18
70.48,6,Apr,00_41_19
71.47,6,Apr,00_56_21
69.54,6,Apr,01_11_22
69.4,6,Apr,01_26_23
71.53,6,Apr,01_41_26
64.19,6,Apr,01_56_27
65.49,6,Apr,02_11_28
70.52,6,Apr,02_26_29
66.1,6,Apr,02_41_30
63.03,6,Apr,02_56_31
66.18,6,Apr,03_11_32
57.37,6,Apr,03_26_33
64.47,6,Apr,03_41_35
61.27,6,Apr,03_56_36
60.03,6,Apr,04_11_37
57.39,6,Apr,04_26_38
56.4,6,Apr,04_41_39
58.49,6,Apr,04_56_41
58.07,6,Apr,05_11_42
62.26,6,Apr,05_26_43
62.41,6,Apr,05_41_44
61.23,6,Apr,05_56_45
63.37,6,Apr,06_11_46
51.06,6,Apr,06_26_48
54.52,6,Apr,06_41_49
58.42,6,Apr,06_56_50
63.16,6,Apr,07_11_51
64.34,6,Apr,07_26_52
56.37,6,Apr,07_41_54
60.25,6,Apr,07_56_55
57.03,6,Apr,08_11_56
59.45,6,Apr,08_26_57
55.02,6,Apr,08_41_58
56.38,6,Apr,08_56_59
56.51,6,Apr,09_12_06
57.31,6,Apr,09_27_07
59.02,6,Apr,09_42_09
58.43,6,Apr,09_57_10
59.16,6,Apr,10_12_11
59.07,6,Apr,10_27_12
57.19,6,Apr,10_42_14
57.04,6,Apr,10_57_15
56.49,6,Apr,11_12_16
56.2,6,Apr,12_42_23
52.32,6,Apr,12_57_24
55.58,6,Apr,13_12_25
56.07,6,Apr,13_27_26
56.24,6,Apr,13_42_28
58.14,6,Apr,13_57_29
55.45,6,Apr,14_12_31
62.55,6,Apr,14_27_32
60.17,6,Apr,14_42_33
59.35,6,Apr,14_57_34
59.25,6,Apr,15_12_35
62.37,6,Apr,15_27_36
63.18,6,Apr,15_42_37
62.01,6,Apr,15_57_38
60.51,6,Apr,16_12_39
62.21,6,Apr,16_27_40
70.36,6,Apr,16_42_41
62.11,6,Apr,16_57_42
51.32,6,Apr,17_12_43
57.26,6,Apr,17_27_45
58.52,6,Apr,17_42_46
56.53,6,Apr,17_57_47
66.57,6,Apr,18_12_49
57.31,6,Apr,18_27_50
60.28,6,Apr,18_42_51
64.05,6,Apr,18_57_52
61.01,6,Apr,19_12_53
60.02,6,Apr,19_27_54
56.28,6,Apr,19_42_56
56.35,6,Apr,19_57_57
55.24,6,Apr,20_12_58
58.25,6,Apr,20_27_59
60.0,6,Apr,20_43_02
58.07,6,Apr,20_58_03
58.57,6,Apr,21_13_04
58.0,6,Apr,21_28_04
58.16,6,Apr,21_43_06
60.12,6,Apr,21_58_07
60.13,6,Apr,22_13_08
58.14,6,Apr,22_28_10
57.39,6,Apr,22_43_11
64.46,6,Apr,22_58_12
69.53,6,Apr,23_13_13
66.16,6,Apr,23_28_14
68.0,6,Apr,23_43_16
75.07,6,Apr,23_58_17
66.25,7,Apr,00_13_18
69.14,7,Apr,00_28_19
63.01,7,Apr,00_43_20
64.05,7,Apr,00_58_21
72.35,7,Apr,01_13_22
80.14,7,Apr,01_28_23
64.18,7,Apr,01_43_25
61.49,7,Apr,01_58_26
70.09,7,Apr,02_13_27
69.17,7,Apr,02_28_28
64.52,7,Apr,02_43_29
62.17,7,Apr,02_58_31
58.04,7,Apr,03_13_32
69.51,7,Apr,03_28_33
64.11,7,Apr,03_43_34
62.38,7,Apr,03_58_36
58.1,7,Apr,04_13_36
56.29,7,Apr,04_28_37
59.01,7,Apr,04_43_39
61.38,7,Apr,04_58_40
63.09,7,Apr,05_13_41
62.38,7,Apr,05_28_42
57.22,7,Apr,05_43_43
57.1,7,Apr,05_58_44
58.56,7,Apr,06_13_45
61.42,7,Apr,06_28_46
64.52,7,Apr,06_43_48
62.14,7,Apr,06_58_49
58.02,7,Apr,07_13_50
60.14,7,Apr,07_28_51
58.48,7,Apr,07_43_52
63.29,7,Apr,07_58_53
57.17,7,Apr,08_13_54
57.47,7,Apr,08_28_56
55.59,7,Apr,08_43_57
54.34,7,Apr,08_58_58
54.18,7,Apr,09_13_59
55.35,7,Apr,09_29_00
56.02,7,Apr,09_44_02
57.44,7,Apr,09_59_03
57.37,7,Apr,10_14_04
55.59,7,Apr,10_29_06
56.01,7,Apr,10_44_07
54.0,7,Apr,10_59_09
53.4,7,Apr,11_14_10
52.5,7,Apr,11_29_11
52.4,7,Apr,11_44_14
53.04,7,Apr,12_14_16
53.09,7,Apr,12_29_17
50.16,7,Apr,12_44_18
53.56,7,Apr,12_59_19
54.19,7,Apr,13_14_20
54.31,7,Apr,13_29_21
54.23,7,Apr,13_44_23
60.22,7,Apr,13_59_24
54.43,7,Apr,14_14_25
54.5,7,Apr,14_29_26
56.11,7,Apr,14_44_28
60.2,7,Apr,14_59_30
58.56,7,Apr,15_14_31
57.22,7,Apr,15_29_32
60.34,7,Apr,15_44_33
57.07,7,Apr,15_59_35
63.34,7,Apr,16_14_36
66.11,7,Apr,16_29_37
62.29,7,Apr,16_44_38
55.49,7,Apr,16_59_39
55.25,7,Apr,17_14_40
55.23,7,Apr,17_29_41
57.1,7,Apr,17_44_43
59.09,7,Apr,17_59_44
55.35,7,Apr,18_14_45
62.32,7,Apr,18_29_46
60.17,7,Apr,18_44_47
58.49,7,Apr,18_59_49
59.03,7,Apr,19_14_50
58.56,7,Apr,19_29_51
62.37,7,Apr,19_44_52
63.51,7,Apr,19_59_53
59.41,7,Apr,20_14_54
55.58,7,Apr,20_29_55
63.25,7,Apr,20_44_57
57.34,7,Apr,20_59_58
55.56,7,Apr,21_14_59
57.3,7,Apr,21_30_00
58.46,7,Apr,21_45_02
62.4,7,Apr,22_00_04
63.38,7,Apr,22_15_05
60.38,7,Apr,22_30_06
64.58,7,Apr,22_45_07
64.46,7,Apr,23_00_09
66.14,7,Apr,23_15_10
73.19,7,Apr,23_30_11
66.38,7,Apr,23_45_12
69.51,8,Apr,00_00_13
67.13,8,Apr,00_15_14
75.2,8,Apr,00_30_16
73.22,8,Apr,00_45_17
70.59,8,Apr,01_00_19
65.56,8,Apr,01_15_20
76.17,8,Apr,01_30_21
66.16,8,Apr,01_45_22
65.23,8,Apr,02_00_23
66.28,8,Apr,02_15_24
73.5,8,Apr,02_30_25
64.49,8,Apr,02_45_26
58.28,8,Apr,03_00_28
60.17,8,Apr,03_15_29
64.44,8,Apr,03_30_30
64.26,8,Apr,03_45_31
64.14,8,Apr,04_00_32
63.38,8,Apr,04_15_33
58.4,8,Apr,04_30_34
61.49,8,Apr,04_45_36
59.05,8,Apr,05_00_37
59.25,8,Apr,05_15_38
57.22,8,Apr,05_30_40
54.54,8,Apr,05_45_41
58.16,8,Apr,06_00_42
60.37,8,Apr,06_15_44
58.26,8,Apr,06_30_45
56.12,8,Apr,06_45_47
59.44,8,Apr,07_00_48
62.18,8,Apr,07_15_49
56.02,8,Apr,07_30_50
57.42,8,Apr,07_45_51
58.19,8,Apr,08_00_52
54.1,8,Apr,08_15_53
52.49,8,Apr,08_30_54
58.52,8,Apr,08_45_56
58.03,8,Apr,09_00_57
58.35,8,Apr,09_15_58
55.05,8,Apr,09_30_59
55.27,8,Apr,09_46_00
52.4,8,Apr,10_01_01
58.37,8,Apr,10_16_02
51.22,8,Apr,10_31_03
52.52,8,Apr,10_46_04
52.37,8,Apr,11_01_05
52.52,8,Apr,11_16_06
52.03,8,Apr,11_31_08
56.53,8,Apr,11_46_09
58.31,8,Apr,12_01_10
53.37,8,Apr,12_16_11
56.39,8,Apr,12_31_12
53.46,8,Apr,12_46_13
52.55,8,Apr,13_01_15
52.55,8,Apr,13_16_16
57.49,8,Apr,13_31_17
53.03,8,Apr,13_46_18
53.02,8,Apr,14_01_19
56.24,8,Apr,14_16_20
55.53,8,Apr,14_31_21
61.49,8,Apr,14_46_23
54.55,8,Apr,15_01_24
58.42,8,Apr,15_16_25
53.48,8,Apr,15_31_26
62.11,8,Apr,15_46_27
57.17,8,Apr,16_01_28
62.28,8,Apr,16_16_29
55.55,8,Apr,16_31_30
58.18,8,Apr,17_01_44
60.17,8,Apr,17_16_46
56.37,8,Apr,17_31_47
53.58,8,Apr,17_46_48
65.04,8,Apr,18_01_49
57.23,8,Apr,18_16_50
54.11,8,Apr,18_31_51
61.16,8,Apr,18_46_53
59.02,8,Apr,19_01_54
63.03,8,Apr,19_16_55
58.19,8,Apr,19_31_56
58.28,8,Apr,19_46_57
56.42,8,Apr,20_01_58
57.14,8,Apr,20_17_00
58.03,8,Apr,20_32_01
53.32,8,Apr,20_47_02
55.37,8,Apr,21_02_03
60.56,8,Apr,21_17_05
62.02,8,Apr,21_32_06
58.24,8,Apr,21_47_08
60.2,8,Apr,22_02_09
60.13,8,Apr,22_17_10
61.27,8,Apr,22_32_11
59.47,8,Apr,22_47_12
63.1,8,Apr,23_02_14
64.32,8,Apr,23_17_15
68.32,8,Apr,23_32_16
59.02,8,Apr,23_47_17
62.02,9,Apr,00_02_19
66.49,9,Apr,00_17_20
66.23,9,Apr,00_32_21
64.57,9,Apr,00_47_22
62.3,9,Apr,01_02_24
57.03,9,Apr,01_17_25
66.34,9,Apr,01_32_26
63.22,9,Apr,01_47_27
64.13,9,Apr,02_02_28
67.3,9,Apr,02_17_29
61.37,9,Apr,02_32_30
66.19,9,Apr,02_47_32
60.35,9,Apr,03_02_33
64.31,9,Apr,03_17_34
63.34,9,Apr,03_32_35
64.53,9,Apr,03_47_36
56.58,9,Apr,04_02_37
51.49,9,Apr,04_17_38
57.23,9,Apr,04_32_39
54.25,9,Apr,04_47_41
54.07,9,Apr,05_02_42
57.37,9,Apr,05_17_44
54.15,9,Apr,05_32_45
53.13,9,Apr,05_47_47
58.56,9,Apr,06_02_49
54.53,9,Apr,06_17_50
53.16,9,Apr,06_32_52
59.06,9,Apr,06_47_53
58.27,9,Apr,07_02_54
56.08,9,Apr,07_17_56
54.39,9,Apr,07_32_58
60.18,9,Apr,07_48_00
55.23,9,Apr,08_03_01
52.26,9,Apr,08_18_02
54.19,9,Apr,08_33_04
56.32,9,Apr,08_48_06
51.27,9,Apr,09_03_07
55.22,9,Apr,09_18_08
54.29,9,Apr,09_33_09
50.36,9,Apr,09_48_11
51.19,9,Apr,10_03_12
55.34,9,Apr,10_18_13
52.16,9,Apr,10_33_14
55.52,9,Apr,10_48_16
55.43,9,Apr,11_03_17
52.43,9,Apr,11_18_18
54.47,9,Apr,11_33_19
51.51,9,Apr,11_48_20
51.35,9,Apr,12_03_22
52.16,9,Apr,12_18_23
51.37,9,Apr,12_33_24
51.46,9,Apr,12_48_25
50.52,9,Apr,13_03_27
51.38,9,Apr,13_18_28
54.1,9,Apr,13_33_29
53.35,9,Apr,13_48_30
53.01,9,Apr,14_03_31
50.46,9,Apr,14_18_33
53.47,9,Apr,14_33_34
53.55,9,Apr,14_48_35
57.17,9,Apr,15_03_37
55.55,9,Apr,15_18_38
56.38,9,Apr,15_33_39
53.13,9,Apr,15_48_40
60.55,9,Apr,16_03_42
58.22,9,Apr,16_18_43
55.16,9,Apr,16_33_44
57.22,9,Apr,16_48_45
58.38,9,Apr,17_03_47
54.47,9,Apr,17_18_48
54.12,9,Apr,17_33_49
53.32,9,Apr,17_48_50
62.58,9,Apr,18_03_52
61.46,9,Apr,18_18_53
53.19,9,Apr,18_33_54
58.11,9,Apr,18_48_55
59.36,9,Apr,19_03_56
61.22,9,Apr,19_18_57
57.41,9,Apr,19_33_59
56.44,9,Apr,19_49_00
61.17,9,Apr,20_04_02
60.02,9,Apr,20_19_03
59.26,9,Apr,20_34_04
56.29,9,Apr,20_49_05
55.43,9,Apr,21_04_07
56.31,9,Apr,21_19_08
55.23,9,Apr,21_34_10
56.28,9,Apr,21_49_11
59.56,9,Apr,22_04_13
57.57,9,Apr,22_19_14
54.5,9,Apr,22_34_15
55.04,9,Apr,22_49_17
71.41,9,Apr,23_04_18
58.18,9,Apr,23_19_19
62.39,9,Apr,23_34_20
66.0,9,Apr,23_49_22
59.51,10,Apr,00_04_23
53.1,10,Apr,00_19_25
57.34,10,Apr,00_34_26
59.58,10,Apr,00_49_27
62.49,10,Apr,01_04_29
59.51,10,Apr,01_19_30
55.2,10,Apr,01_34_32
59.06,10,Apr,01_49_33
55.34,10,Apr,02_04_35
57.02,10,Apr,02_19_36
62.42,10,Apr,02_34_37
68.58,10,Apr,02_49_39
63.5,10,Apr,03_04_40
64.47,10,Apr,03_19_41
67.59,10,Apr,03_34_43
61.31,10,Apr,03_49_44
55.01,10,Apr,04_04_46
55.58,10,Apr,04_19_47
54.37,10,Apr,04_34_48
53.36,10,Apr,04_49_49
58.01,10,Apr,05_04_50
52.2,10,Apr,05_19_51
55.56,10,Apr,05_34_52
53.24,10,Apr,05_49_54
55.25,10,Apr,06_04_55
58.55,10,Apr,06_19_57
55.36,10,Apr,06_34_58
59.16,10,Apr,06_50_00
57.26,10,Apr,07_05_01
59.44,10,Apr,07_20_02
55.44,10,Apr,07_35_03
55.23,10,Apr,07_50_05
58.44,10,Apr,08_05_07
52.02,10,Apr,08_20_08
54.27,10,Apr,08_35_09
53.34,10,Apr,08_50_11
55.05,10,Apr,09_05_12
52.56,10,Apr,09_20_13
52.25,10,Apr,09_35_14
51.0,10,Apr,09_50_16
52.43,10,Apr,10_05_17
51.09,10,Apr,10_20_18
50.03,10,Apr,10_35_19
49.54,10,Apr,10_50_20
50.46,10,Apr,11_05_21
50.55,10,Apr,11_20_22
50.37,10,Apr,11_35_23
51.13,10,Apr,11_50_25
49.27,10,Apr,12_05_26
53.09,10,Apr,12_20_28
56.12,10,Apr,12_35_29
52.26,10,Apr,12_50_30
53.08,10,Apr,13_05_31
52.17,10,Apr,13_20_32
53.36,10,Apr,13_35_33
51.26,10,Apr,13_50_34
55.22,10,Apr,14_05_36
63.35,10,Apr,14_20_37
54.16,10,Apr,14_35_38
55.29,10,Apr,14_50_39
59.26,10,Apr,15_05_41
60.04,10,Apr,15_20_42
64.09,10,Apr,15_35_43
60.16,10,Apr,15_50_44
59.34,10,Apr,16_05_45
60.0,10,Apr,16_20_46
59.4,10,Apr,16_35_48
61.46,10,Apr,16_50_49
57.49,10,Apr,17_05_50
57.31,10,Apr,17_20_51
58.2,10,Apr,17_35_52
54.2,10,Apr,17_50_54
56.07,10,Apr,18_05_55
54.29,10,Apr,18_20_56
61.57,10,Apr,18_35_57
58.49,10,Apr,18_50_59
59.59,10,Apr,19_06_00
55.38,10,Apr,19_21_02
59.45,10,Apr,19_36_03
60.49,10,Apr,19_51_04
53.34,10,Apr,20_06_05
59.09,10,Apr,20_21_07
63.36,10,Apr,20_36_08
64.33,10,Apr,20_51_09
57.52,10,Apr,21_06_11
62.56,10,Apr,21_21_12
59.22,10,Apr,21_36_13
65.37,10,Apr,21_51_14
62.5,10,Apr,22_06_16
60.14,10,Apr,22_21_17
60.46,10,Apr,22_36_18
58.07,10,Apr,22_51_19
67.53,10,Apr,23_06_21
67.26,10,Apr,23_21_22
71.49,10,Apr,23_36_23
61.11,10,Apr,23_51_24
80.37,11,Apr,00_06_25
71.31,11,Apr,00_21_26
65.14,11,Apr,00_36_27
76.58,11,Apr,00_51_29
62.44,11,Apr,01_06_30
67.22,11,Apr,01_21_31
66.52,11,Apr,01_36_32
71.3,11,Apr,01_51_33
58.47,11,Apr,02_06_35
63.43,11,Apr,02_21_36
59.43,11,Apr,02_36_37
59.04,11,Apr,02_51_38
69.11,11,Apr,03_06_40
63.26,11,Apr,03_21_41
54.13,11,Apr,03_36_42
59.3,11,Apr,03_51_43
55.56,11,Apr,04_06_44
54.38,11,Apr,04_21_45
59.14,11,Apr,04_36_46
56.2,11,Apr,04_51_47
54.57,11,Apr,05_06_49
53.46,11,Apr,05_21_51
54.12,11,Apr,05_36_52
53.35,11,Apr,05_51_53
54.11,11,Apr,06_06_55
59.34,11,Apr,06_21_56
63.52,11,Apr,06_36_59
57.09,11,Apr,06_52_00
55.27,11,Apr,07_07_02
55.16,11,Apr,07_22_03
58.07,11,Apr,07_37_05
55.4,11,Apr,07_52_06
52.13,11,Apr,08_07_07
53.02,11,Apr,08_22_09
52.41,11,Apr,08_37_10
51.49,11,Apr,08_52_11
53.17,11,Apr,09_07_13
52.58,11,Apr,09_22_14
52.55,11,Apr,09_37_15
53.24,11,Apr,09_52_16
56.16,11,Apr,10_07_18
56.13,11,Apr,10_22_19
56.11,11,Apr,10_37_20
56.43,11,Apr,10_52_21
57.21,11,Apr,11_07_22
58.14,11,Apr,11_22_24
56.31,11,Apr,11_37_25
55.17,11,Apr,11_52_26
50.46,11,Apr,12_07_27
51.56,11,Apr,12_22_28
49.47,11,Apr,12_37_29
51.01,11,Apr,12_52_30
57.32,11,Apr,13_07_32
56.41,11,Apr,13_22_33
52.12,11,Apr,13_37_34
56.4,11,Apr,13_52_35
59.44,11,Apr,14_07_37
58.58,11,Apr,14_22_38
58.47,11,Apr,14_37_39
56.4,11,Apr,14_52_40
58.28,11,Apr,15_07_41
60.59,11,Apr,15_22_42
66.11,11,Apr,15_37_43
63.23,11,Apr,15_52_45
67.26,11,Apr,16_07_46
60.5,11,Apr,16_22_47
59.34,11,Apr,16_37_48
62.1,11,Apr,16_52_50
61.53,11,Apr,17_07_52
59.58,11,Apr,17_22_53
55.2,11,Apr,17_37_54
58.34,11,Apr,17_52_55
54.33,11,Apr,18_07_57
59.05,11,Apr,18_22_58
56.17,11,Apr,18_37_59
64.13,11,Apr,18_53_00
57.47,11,Apr,19_08_02
57.09,11,Apr,19_23_03
55.25,11,Apr,19_38_04
66.1,11,Apr,19_53_06
63.4,11,Apr,20_08_07
56.04,11,Apr,20_23_09
61.04,11,Apr,20_38_10
57.58,11,Apr,20_53_11
58.3,11,Apr,21_08_13
61.43,11,Apr,21_23_14
57.38,11,Apr,21_38_15
60.54,11,Apr,21_53_16
59.25,11,Apr,22_08_18
65.2,11,Apr,22_23_19
61.56,11,Apr,22_38_21
65.26,11,Apr,22_53_22
73.43,11,Apr,23_08_23
66.24,11,Apr,23_23_24
68.28,11,Apr,23_38_26
74.22,11,Apr,23_53_27
76.2,12,Apr,00_08_29
69.47,12,Apr,00_23_30
74.1,12,Apr,00_38_32
68.44,12,Apr,00_53_33
68.05,12,Apr,01_08_34
57.43,12,Apr,01_23_35
62.01,12,Apr,01_38_37
59.06,12,Apr,01_53_38
58.1,12,Apr,02_08_39
67.0,12,Apr,02_23_40
67.25,12,Apr,02_38_41
65.08,12,Apr,02_53_43
66.2,12,Apr,03_08_44
66.1,12,Apr,03_23_45
63.4,12,Apr,03_38_46
61.37,12,Apr,03_53_48
58.52,12,Apr,04_08_49
53.35,12,Apr,04_23_50
54.22,12,Apr,04_38_51
56.48,12,Apr,04_53_53
57.57,12,Apr,05_08_54
62.06,12,Apr,05_23_55
56.45,12,Apr,05_38_56
55.11,12,Apr,05_53_57
57.38,12,Apr,06_08_58
55.07,12,Apr,06_23_59
52.37,12,Apr,06_39_00
52.58,12,Apr,06_54_01
57.02,12,Apr,07_09_03
57.01,12,Apr,07_24_04
58.56,12,Apr,07_39_05
55.49,12,Apr,07_54_06
59.39,12,Apr,08_09_07
58.52,12,Apr,08_24_08
59.08,12,Apr,08_39_09
53.26,12,Apr,08_54_10
53.4,12,Apr,09_09_12
56.52,12,Apr,09_24_13
54.16,12,Apr,09_39_14
56.03,12,Apr,09_54_15
55.32,12,Apr,10_09_16
51.44,12,Apr,10_24_18
51.46,12,Apr,10_39_19
51.14,12,Apr,10_54_20
51.25,12,Apr,11_09_22
50.34,12,Apr,11_24_24
49.52,12,Apr,11_39_25
54.05,12,Apr,11_54_26
49.09,12,Apr,12_09_28
49.19,12,Apr,12_24_29
49.57,12,Apr,12_39_31
50.59,12,Apr,12_54_32
51.29,12,Apr,13_09_34
53.18,12,Apr,13_24_35
59.4,12,Apr,13_39_36
53.55,12,Apr,13_54_38
59.59,12,Apr,14_09_39
63.15,12,Apr,14_24_40
59.01,12,Apr,14_39_41
57.37,12,Apr,14_54_42
57.27,12,Apr,15_09_44
58.3,12,Apr,15_24_45
61.17,12,Apr,15_39_47
59.17,12,Apr,15_54_48
61.25,12,Apr,16_09_49
65.55,12,Apr,16_24_50
59.44,12,Apr,16_39_51
63.08,12,Apr,16_54_52
63.22,12,Apr,17_09_54
57.02,12,Apr,17_24_56
64.05,12,Apr,17_39_57
57.41,12,Apr,17_54_58
62.08,12,Apr,18_09_59
64.47,12,Apr,18_25_00
56.02,12,Apr,18_40_02
55.49,12,Apr,18_55_03
56.14,12,Apr,19_10_04
61.55,12,Apr,19_25_05
57.5,12,Apr,19_40_06
56.49,12,Apr,19_55_08
55.31,12,Apr,20_10_09
59.01,12,Apr,20_25_11
57.53,12,Apr,20_40_13
57.37,12,Apr,20_55_14
59.44,12,Apr,21_10_16
62.52,12,Apr,21_25_17
57.12,12,Apr,21_40_19
60.57,12,Apr,21_55_20
59.05,12,Apr,22_10_22
67.49,12,Apr,22_25_23
64.11,12,Apr,22_40_24
67.25,12,Apr,22_55_25
68.43,12,Apr,23_10_26
67.0,12,Apr,23_25_28
74.08,12,Apr,23_40_29
65.08,12,Apr,23_55_30
64.43,13,Apr,00_10_31
65.27,13,Apr,00_25_32
70.23,13,Apr,00_40_33
67.32,13,Apr,00_55_35
70.36,13,Apr,01_10_36
66.13,13,Apr,01_25_37
68.43,13,Apr,01_40_38
61.46,13,Apr,01_55_40
63.31,13,Apr,02_10_41
63.01,13,Apr,02_25_42
64.29,13,Apr,02_40_44
59.23,13,Apr,02_55_46
62.08,13,Apr,03_10_47
59.04,13,Apr,03_25_48
57.37,13,Apr,03_40_49
64.14,13,Apr,03_55_51
55.02,13,Apr,04_10_52
55.32,13,Apr,04_25_53
57.44,13,Apr,04_40_54
56.17,13,Apr,04_55_56
56.29,13,Apr,05_10_57
56.1,13,Apr,05_25_59
60.35,13,Apr,05_40_59
55.49,13,Apr,05_56_02
56.11,13,Apr,06_11_03
56.49,13,Apr,06_26_04
59.16,13,Apr,06_41_05
53.38,13,Apr,06_56_07
54.11,13,Apr,07_11_08
52.41,13,Apr,07_26_09
56.4,13,Apr,07_41_10
51.28,13,Apr,07_56_12
54.49,13,Apr,08_11_13
51.52,13,Apr,08_26_14
52.2,13,Apr,08_41_15
52.07,13,Apr,08_56_16
54.16,13,Apr,09_11_17
53.44,13,Apr,09_26_19
54.59,13,Apr,09_41_20
51.14,13,Apr,09_56_21
51.16,13,Apr,10_11_23
54.17,13,Apr,10_26_24
54.43,13,Apr,10_41_25
52.08,13,Apr,10_56_26
52.02,13,Apr,11_11_27
52.49,13,Apr,11_26_29
54.25,13,Apr,11_41_30
55.18,13,Apr,11_56_31
51.23,13,Apr,12_11_33
56.11,13,Apr,12_26_34
52.57,13,Apr,12_41_35
56.24,13,Apr,12_56_37
53.49,13,Apr,13_11_38
58.17,13,Apr,13_26_40
56.53,13,Apr,13_41_41
61.14,13,Apr,13_56_43
56.23,13,Apr,14_11_44
59.58,13,Apr,14_26_46
62.44,13,Apr,14_41_47
63.14,13,Apr,14_56_49
59.56,13,Apr,15_11_50
67.17,13,Apr,15_26_52
64.13,13,Apr,15_41_53
64.51,13,Apr,15_56_54
65.22,13,Apr,16_11_56
63.52,13,Apr,16_26_57
59.5,13,Apr,16_41_58
63.1,13,Apr,16_57_00
59.25,13,Apr,17_12_02
63.01,13,Apr,17_27_03
58.04,13,Apr,17_42_04
57.53,13,Apr,17_57_06
60.4,13,Apr,18_12_08
64.36,13,Apr,18_27_09
54.05,13,Apr,18_42_11
60.1,13,Apr,18_57_12
64.36,13,Apr,19_12_13
63.43,13,Apr,19_27_14
59.15,13,Apr,19_42_15
57.1,13,Apr,19_57_17
66.19,13,Apr,20_12_18
54.41,13,Apr,20_27_19
58.4,13,Apr,20_42_21
58.56,13,Apr,20_57_22
57.39,13,Apr,21_12_23
56.44,13,Apr,21_27_25
57.59,13,Apr,21_42_26
58.17,13,Apr,21_57_27
58.02,13,Apr,22_12_29
63.37,13,Apr,22_27_30
59.12,13,Apr,22_42_32
63.31,13,Apr,22_57_33
73.15,13,Apr,23_12_36
67.14,13,Apr,23_27_37
66.11,13,Apr,23_42_38
62.54,13,Apr,23_57_40
65.32,14,Apr,00_12_41
68.46,14,Apr,00_27_42
70.19,14,Apr,00_42_44
66.25,14,Apr,00_57_45
73.01,14,Apr,01_12_47
68.13,14,Apr,01_27_48
64.04,14,Apr,01_42_49
59.55,14,Apr,01_57_51
58.31,14,Apr,02_12_52
65.59,14,Apr,02_27_54
61.4,14,Apr,02_42_55
68.32,14,Apr,02_57_57
59.23,14,Apr,03_12_58
65.52,14,Apr,03_27_59
69.2,14,Apr,03_43_01
71.58,14,Apr,03_58_02
59.22,14,Apr,04_13_04
58.25,14,Apr,04_28_05
53.4,14,Apr,04_43_06
56.39,14,Apr,04_58_08
59.1,14,Apr,05_13_09
59.12,14,Apr,05_28_11
55.17,14,Apr,05_43_12
55.31,14,Apr,05_58_14
55.59,14,Apr,06_13_17
56.38,14,Apr,06_28_20
56.37,14,Apr,06_43_21
53.38,14,Apr,06_58_23
57.05,14,Apr,07_13_24
59.25,14,Apr,07_28_26
53.41,14,Apr,07_43_27
54.07,14,Apr,07_58_28
55.17,14,Apr,08_13_30
52.52,14,Apr,08_28_31
55.14,14,Apr,08_43_33
54.38,14,Apr,08_58_34
56.26,14,Apr,09_13_36
57.2,14,Apr,09_28_38
57.22,14,Apr,09_43_39
56.37,14,Apr,09_58_40
53.04,14,Apr,10_13_42
52.26,14,Apr,10_28_43
52.21,14,Apr,10_43_44
52.34,14,Apr,10_58_46
52.49,14,Apr,11_13_47
53.01,14,Apr,11_43_49
54.25,14,Apr,11_58_50
52.08,14,Apr,12_13_51
54.4,14,Apr,12_28_52
54.46,14,Apr,12_43_53
52.33,14,Apr,12_58_55
56.5,14,Apr,13_13_56
52.43,14,Apr,13_28_57
53.28,14,Apr,13_43_58
53.47,14,Apr,13_58_59
57.39,14,Apr,14_14_01
55.09,14,Apr,14_29_02
56.28,14,Apr,14_44_03
55.08,14,Apr,14_59_04
57.24,14,Apr,15_14_05
64.05,14,Apr,15_29_06
56.37,14,Apr,15_44_07
60.56,14,Apr,15_59_08
62.22,14,Apr,16_14_09
61.04,14,Apr,16_29_11
63.38,14,Apr,16_44_12
60.48,14,Apr,16_59_13
57.11,14,Apr,17_14_14
58.2,14,Apr,17_29_16
53.42,14,Apr,17_44_17
55.11,14,Apr,17_59_18
59.12,14,Apr,18_14_19
59.56,14,Apr,18_29_20
57.41,14,Apr,18_44_21
65.39,14,Apr,18_59_23
54.05,14,Apr,19_14_24
58.35,14,Apr,19_29_26
64.32,14,Apr,19_44_27
62.17,14,Apr,19_59_28
65.18,14,Apr,20_14_29
56.46,14,Apr,20_29_30
57.55,14,Apr,20_44_32
57.43,14,Apr,20_59_33
60.51,14,Apr,21_14_35
58.29,14,Apr,21_29_36
58.16,14,Apr,21_44_37
57.28,14,Apr,21_59_38
60.43,14,Apr,22_14_40
61.15,14,Apr,22_29_41
58.58,14,Apr,22_44_42
62.13,14,Apr,22_59_43
64.49,14,Apr,23_14_44
65.13,14,Apr,23_29_45
68.52,14,Apr,23_44_46
73.33,14,Apr,23_59_48
64.48,15,Apr,00_14_49
71.22,15,Apr,00_29_50
74.41,15,Apr,00_44_51
63.2,15,Apr,00_59_52
64.49,15,Apr,01_14_54
70.49,15,Apr,01_29_55
67.53,15,Apr,01_44_56
62.29,15,Apr,01_59_57
67.4,15,Apr,02_14_58
65.34,15,Apr,02_29_59
63.24,15,Apr,02_45_00
55.44,15,Apr,03_00_01
62.19,15,Apr,03_15_02
60.1,15,Apr,03_30_03
61.41,15,Apr,03_45_05
57.48,15,Apr,04_00_06
61.09,15,Apr,04_15_08
59.22,15,Apr,04_30_09
57.5,15,Apr,04_45_10
60.34,15,Apr,05_00_11
55.2,15,Apr,05_15_13
56.45,15,Apr,05_30_16
56.22,15,Apr,05_45_17
57.29,15,Apr,06_00_19
60.26,15,Apr,06_15_21
63.35,15,Apr,06_30_22
58.05,15,Apr,06_45_23
60.39,15,Apr,07_00_25
57.34,15,Apr,07_15_26
59.01,15,Apr,07_30_27
59.07,15,Apr,07_45_28
58.14,15,Apr,08_00_30
58.2,15,Apr,08_15_31
58.24,15,Apr,08_30_32
56.35,15,Apr,08_45_33
55.47,15,Apr,09_00_34
57.59,15,Apr,09_15_36
56.51,15,Apr,09_30_37
59.01,15,Apr,09_45_38
58.04,15,Apr,10_00_39
59.26,15,Apr,10_15_40
57.16,15,Apr,10_30_42
59.28,15,Apr,10_45_43
55.35,15,Apr,11_00_44
54.22,15,Apr,11_15_45
60.43,15,Apr,12_00_49
58.22,15,Apr,12_15_50
58.47,15,Apr,12_30_51
60.55,15,Apr,12_45_52
51.26,15,Apr,13_00_54
50.33,15,Apr,13_15_55
56.08,15,Apr,13_30_56
56.07,15,Apr,13_45_57
55.49,15,Apr,14_00_58
51.16,15,Apr,14_16_00
51.25,15,Apr,14_31_01
51.22,15,Apr,14_46_02
51.08,15,Apr,15_01_03
55.19,15,Apr,15_16_05
53.2,15,Apr,15_31_06
52.26,15,Apr,15_46_07
56.18,15,Apr,16_01_08
61.22,15,Apr,16_16_10
61.37,15,Apr,16_31_11
62.15,15,Apr,16_46_12
65.32,15,Apr,17_01_13
57.14,15,Apr,17_16_14
63.12,15,Apr,17_31_16
58.46,15,Apr,17_46_17
65.46,15,Apr,18_01_18
63.16,15,Apr,18_16_19
62.29,15,Apr,18_31_20
63.4,15,Apr,18_46_21
64.36,15,Apr,19_01_22
59.55,15,Apr,19_16_23
56.29,15,Apr,19_31_24
64.36,15,Apr,19_46_25
62.4,15,Apr,20_01_26
62.35,15,Apr,20_16_28
58.36,15,Apr,20_31_29
61.19,15,Apr,20_46_30
59.55,15,Apr,21_01_31
57.39,15,Apr,21_16_32
59.49,15,Apr,21_31_33
58.27,15,Apr,21_46_34
57.26,15,Apr,22_01_35
65.29,15,Apr,22_16_37
55.29,15,Apr,22_31_38
63.06,15,Apr,22_46_39
59.46,15,Apr,23_01_40
67.36,15,Apr,23_16_41
68.25,15,Apr,23_31_42
63.49,15,Apr,23_46_43
71.43,16,Apr,00_01_45
64.55,16,Apr,00_16_46
62.05,16,Apr,00_31_47
64.26,16,Apr,00_46_48
63.01,16,Apr,01_01_49
60.16,16,Apr,01_16_50
59.28,16,Apr,01_31_51
57.48,16,Apr,01_46_52
58.16,16,Apr,02_01_54
58.04,16,Apr,02_46_56
73.08,16,Apr,03_01_58
61.19,16,Apr,03_16_59
62.02,16,Apr,03_32_00
61.34,16,Apr,03_47_01
51.28,16,Apr,04_02_02
51.31,16,Apr,04_17_04
51.44,16,Apr,04_32_05
56.32,16,Apr,04_47_06
54.59,16,Apr,05_02_07
53.58,16,Apr,05_17_08
52.49,16,Apr,05_32_09
58.24,16,Apr,05_47_11
58.44,16,Apr,06_02_12
57.04,16,Apr,06_17_14
53.17,16,Apr,06_32_15
55.44,16,Apr,06_47_17
53.56,16,Apr,07_02_19
53.51,16,Apr,07_17_20
55.25,16,Apr,07_32_21
53.05,16,Apr,07_47_22
53.44,16,Apr,08_02_23
53.34,16,Apr,08_17_24
54.22,16,Apr,08_32_25
56.3,16,Apr,08_47_27
54.12,16,Apr,09_02_28
52.44,16,Apr,09_17_29
53.29,16,Apr,09_32_31
53.28,16,Apr,09_47_32
54.22,16,Apr,10_02_33
61.39,16,Apr,10_17_34
54.55,16,Apr,10_32_35
55.24,16,Apr,10_47_37
55.26,16,Apr,11_02_38
53.52,16,Apr,11_17_40
56.29,16,Apr,11_32_41
55.03,16,Apr,11_47_42
56.41,16,Apr,12_02_43
54.4,16,Apr,12_17_44
54.55,16,Apr,12_32_45
51.56,16,Apr,12_47_46
51.04,16,Apr,13_02_47
52.54,16,Apr,13_17_49
61.09,16,Apr,13_32_50
55.34,16,Apr,13_47_51
55.26,16,Apr,14_02_52
56.49,16,Apr,14_17_53
54.08,16,Apr,14_32_54
54.11,16,Apr,14_47_55
54.14,16,Apr,15_02_57
54.1,16,Apr,15_17_58
53.19,16,Apr,15_32_59
57.25,16,Apr,15_48_00
54.2,16,Apr,16_03_01
53.5,16,Apr,16_18_02
57.55,16,Apr,16_33_04
57.13,16,Apr,16_48_04
58.17,16,Apr,17_03_06
56.32,16,Apr,17_18_07
57.42,16,Apr,17_33_08
57.37,16,Apr,17_48_09
58.05,16,Apr,18_03_11
53.11,16,Apr,18_18_12
56.26,16,Apr,18_33_13
59.49,16,Apr,18_48_14
54.47,16,Apr,19_03_15
53.05,16,Apr,19_18_17
53.5,16,Apr,19_33_18
56.43,16,Apr,19_48_19
61.28,16,Apr,20_03_20
58.02,16,Apr,20_18_22
57.07,16,Apr,20_33_23
57.1,16,Apr,20_48_24
53.57,16,Apr,21_03_25
57.44,16,Apr,21_18_26
56.46,16,Apr,21_33_27
54.14,16,Apr,21_48_28
57.44,16,Apr,22_03_30
58.18,16,Apr,22_18_31
56.1,16,Apr,22_33_32
53.34,16,Apr,22_48_33
56.23,16,Apr,23_03_34
58.55,16,Apr,23_18_36
59.32,16,Apr,23_33_37
57.43,16,Apr,23_48_38
58.28,17,Apr,00_03_39
59.4,17,Apr,00_18_40
63.17,17,Apr,00_33_42
66.25,17,Apr,00_48_43
64.17,17,Apr,01_03_44
53.32,17,Apr,01_18_45
58.36,17,Apr,01_33_46
60.11,17,Apr,01_48_47
60.08,17,Apr,02_03_48
53.31,17,Apr,02_18_50
59.05,17,Apr,02_33_51
58.16,17,Apr,02_48_52
63.19,17,Apr,03_03_53
57.09,17,Apr,03_18_55
62.2,17,Apr,03_33_56
58.19,17,Apr,03_48_56
51.17,17,Apr,04_03_58
51.13,17,Apr,04_18_59
59.55,17,Apr,04_34_00
58.41,17,Apr,04_49_01
56.59,17,Apr,05_04_02
57.07,17,Apr,05_19_04
51.52,17,Apr,05_34_05
55.49,17,Apr,05_49_06
52.56,17,Apr,06_04_07
52.48,17,Apr,06_19_08
56.55,17,Apr,06_34_09
57.33,17,Apr,06_49_11
55.29,17,Apr,07_04_12
52.56,17,Apr,07_19_14
53.24,17,Apr,07_34_15
52.5,17,Apr,07_49_16
50.52,17,Apr,08_04_18
50.36,17,Apr,08_19_19
50.26,17,Apr,08_34_20
52.17,17,Apr,08_49_22
52.46,17,Apr,09_04_23
52.11,17,Apr,09_19_24
51.55,17,Apr,09_34_26
51.47,17,Apr,09_49_27
51.43,17,Apr,10_04_28
51.25,17,Apr,10_19_29
53.23,17,Apr,10_34_30
51.54,17,Apr,10_49_32
51.44,17,Apr,11_04_33
52.31,17,Apr,11_19_34
53.11,17,Apr,11_34_35
52.05,17,Apr,11_49_36
50.4,17,Apr,12_04_38
51.49,17,Apr,12_19_39
53.32,17,Apr,12_34_40
51.44,17,Apr,12_49_41
58.49,17,Apr,13_04_42
54.17,17,Apr,13_19_44
50.31,17,Apr,13_34_45
52.14,17,Apr,13_49_46
55.15,17,Apr,14_04_47
59.18,17,Apr,14_19_49
58.44,17,Apr,14_34_50
61.02,17,Apr,14_49_51
62.07,17,Apr,15_04_52
57.34,17,Apr,15_19_53
60.34,17,Apr,15_34_54
54.47,17,Apr,15_49_55
62.48,17,Apr,16_04_57
57.4,17,Apr,16_19_58
62.28,17,Apr,16_34_59
57.11,17,Apr,16_50_01
61.41,17,Apr,17_05_02
55.13,17,Apr,17_20_03
57.52,17,Apr,17_35_05
59.32,17,Apr,17_50_06
59.16,17,Apr,18_05_07
60.31,17,Apr,18_20_09
56.06,17,Apr,18_35_10
55.55,17,Apr,18_50_11
57.47,17,Apr,19_05_13
58.47,17,Apr,19_20_14
59.49,17,Apr,19_35_15
55.23,17,Apr,19_50_17
56.37,17,Apr,20_05_18
58.58,17,Apr,20_20_19
62.4,17,Apr,20_35_21
59.16,17,Apr,20_50_22
61.53,17,Apr,21_05_23
61.02,17,Apr,21_20_25
56.53,17,Apr,21_35_26
59.45,17,Apr,21_50_27
58.06,17,Apr,22_05_28
60.14,17,Apr,22_20_29
60.17,17,Apr,22_35_30
62.32,17,Apr,22_50_31
76.52,17,Apr,23_05_33
71.01,17,Apr,23_20_34
67.13,17,Apr,23_35_35
70.46,17,Apr,23_50_36
70.16,18,Apr,00_05_38
75.38,18,Apr,00_20_39
73.24,18,Apr,00_35_40
64.25,18,Apr,00_50_41
62.55,18,Apr,01_05_43
73.1,18,Apr,01_20_44
65.33,18,Apr,01_35_45
58.23,18,Apr,01_50_46
66.34,18,Apr,02_05_47
63.26,18,Apr,02_20_49
66.13,18,Apr,02_35_50
71.24,18,Apr,02_50_51
62.1,18,Apr,03_05_52
66.07,18,Apr,03_20_54
56.5,18,Apr,03_35_55
57.35,18,Apr,03_50_56
57.41,18,Apr,04_05_58
54.52,18,Apr,04_20_59
57.01,18,Apr,04_36_00
57.1,18,Apr,04_51_02
51.49,18,Apr,05_06_03
54.22,18,Apr,05_21_05
52.42,18,Apr,05_36_06
52.14,18,Apr,05_51_07
53.29,18,Apr,06_06_08
54.12,18,Apr,06_21_09
51.57,18,Apr,06_36_10
58.19,18,Apr,06_51_11
52.44,18,Apr,07_06_13
54.2,18,Apr,07_21_14
53.34,18,Apr,07_36_15
54.19,18,Apr,07_51_16
51.29,18,Apr,08_06_17
53.55,18,Apr,08_21_19
53.29,18,Apr,08_36_20
56.28,18,Apr,08_51_21
57.26,18,Apr,09_06_23
56.41,18,Apr,09_21_24
53.38,18,Apr,09_36_25
53.13,18,Apr,09_51_26
50.4,18,Apr,10_06_27
50.41,18,Apr,10_21_28
53.1,18,Apr,10_36_29
53.14,18,Apr,10_51_31
51.19,18,Apr,11_06_32
52.3,18,Apr,11_21_33
49.32,18,Apr,11_36_34
51.19,18,Apr,11_51_35
47.37,18,Apr,12_06_36
52.53,18,Apr,12_21_38
50.59,18,Apr,12_36_39
51.58,18,Apr,12_51_40
55.46,18,Apr,13_06_41
53.53,18,Apr,13_21_43
53.2,18,Apr,13_36_44
51.43,18,Apr,13_51_45
54.08,18,Apr,14_06_46
60.44,18,Apr,14_21_48
57.4,18,Apr,14_36_49
64.29,18,Apr,14_51_50
60.12,18,Apr,15_06_52
64.4,18,Apr,15_21_53
65.11,18,Apr,15_36_55
60.46,18,Apr,15_51_56
66.13,18,Apr,16_06_57
67.43,18,Apr,16_21_59
56.18,18,Apr,16_37_00
68.22,18,Apr,16_52_01
54.49,18,Apr,17_07_03
56.32,18,Apr,17_22_04
54.23,18,Apr,17_37_05
55.49,18,Apr,17_52_06
56.52,18,Apr,18_07_07
59.53,18,Apr,18_22_09
54.37,18,Apr,18_37_10
56.52,18,Apr,18_52_11
57.39,18,Apr,19_07_13
57.22,18,Apr,19_22_14
57.43,18,Apr,19_37_16
60.33,18,Apr,19_52_17
56.18,18,Apr,20_07_18
54.53,18,Apr,20_22_19
59.59,18,Apr,20_37_21
58.46,18,Apr,20_52_22
57.11,18,Apr,21_07_24
57.5,18,Apr,21_22_25
56.35,18,Apr,21_37_26
61.1,18,Apr,21_52_27
57.27,18,Apr,22_07_28
60.47,18,Apr,22_22_30
61.41,18,Apr,22_37_31
64.09,18,Apr,22_52_32
68.36,18,Apr,23_07_33
61.59,18,Apr,23_22_34
65.37,18,Apr,23_37_35
62.25,18,Apr,23_52_36
67.19,19,Apr,00_07_37
85.19,19,Apr,00_22_39
58.14,19,Apr,00_37_40
68.32,19,Apr,00_52_41
72.07,19,Apr,01_07_42
61.22,19,Apr,01_22_44
78.31,19,Apr,01_37_45
65.17,19,Apr,01_52_46
57.35,19,Apr,02_07_47
66.05,19,Apr,02_22_49
70.59,19,Apr,02_37_50
63.49,19,Apr,02_52_51
65.08,19,Apr,03_07_53
61.54,19,Apr,03_22_54
66.01,19,Apr,03_37_56
65.1,19,Apr,03_52_57
58.38,19,Apr,04_07_59
57.16,19,Apr,04_23_01
53.57,19,Apr,04_38_02
56.27,19,Apr,04_53_03
54.36,19,Apr,05_08_04
54.56,19,Apr,05_23_05
55.52,19,Apr,05_38_06
54.31,19,Apr,05_53_07
54.47,19,Apr,06_08_09
61.3,19,Apr,06_23_10
53.32,19,Apr,06_38_11
56.14,19,Apr,06_53_12
51.42,19,Apr,07_08_14
59.02,19,Apr,07_23_15
60.46,19,Apr,07_38_16
51.37,19,Apr,07_53_17
56.01,19,Apr,08_08_18
55.32,19,Apr,08_23_20
54.47,19,Apr,08_38_21
55.44,19,Apr,08_53_22
56.14,19,Apr,09_08_25
52.38,19,Apr,09_23_26
53.24,19,Apr,09_38_27
53.34,19,Apr,09_53_28
53.47,19,Apr,10_08_29
52.26,19,Apr,10_23_30
52.08,19,Apr,10_38_32
52.2,19,Apr,10_53_33
52.19,19,Apr,11_08_34
51.24,19,Apr,11_23_36
56.52,19,Apr,11_38_37
54.36,19,Apr,11_53_38
51.37,19,Apr,12_08_39
51.45,19,Apr,12_23_41
55.26,19,Apr,12_38_42
57.1,19,Apr,12_53_43
53.1,19,Apr,13_08_44
56.07,19,Apr,13_23_46
58.51,19,Apr,13_38_47
59.25,19,Apr,13_53_48
55.35,19,Apr,14_08_49
62.24,19,Apr,14_23_51
57.41,19,Apr,14_38_52
62.44,19,Apr,14_53_54
59.41,19,Apr,15_08_55
57.29,19,Apr,15_23_56
56.4,19,Apr,15_38_57
60.55,19,Apr,15_53_59
60.02,19,Apr,16_09_00
57.56,19,Apr,16_24_01
61.44,19,Apr,16_39_03
59.07,19,Apr,16_54_04
68.01,19,Apr,17_09_06
55.56,19,Apr,17_24_07
54.55,19,Apr,17_39_08
60.09,19,Apr,17_54_09
62.0,19,Apr,18_09_11
62.25,19,Apr,18_24_12
58.33,19,Apr,18_39_13
59.06,19,Apr,18_54_14
63.15,19,Apr,19_09_15
59.46,19,Apr,19_24_17
68.24,19,Apr,19_39_18
56.1,19,Apr,19_54_19
61.13,19,Apr,20_09_20
57.26,19,Apr,20_24_21
58.51,19,Apr,20_39_22
60.1,19,Apr,20_54_23
56.52,19,Apr,21_09_24
52.36,19,Apr,21_24_26
55.26,19,Apr,21_39_27
59.42,19,Apr,21_54_28
59.52,19,Apr,22_09_29
61.34,19,Apr,22_24_30
57.09,19,Apr,22_39_31
62.03,19,Apr,22_54_32
66.58,19,Apr,23_09_34
64.09,19,Apr,23_24_35
71.38,19,Apr,23_39_36
66.32,19,Apr,23_54_37
65.58,20,Apr,00_09_39
64.07,20,Apr,00_24_40
66.55,20,Apr,00_39_41
68.2,20,Apr,00_54_42
66.1,20,Apr,01_09_43
66.52,20,Apr,01_24_44
67.07,20,Apr,01_39_45
66.28,20,Apr,01_54_46
67.06,20,Apr,02_09_48
68.52,20,Apr,02_24_49
60.55,20,Apr,02_39_50
60.38,20,Apr,02_54_51
56.24,20,Apr,03_09_53
56.18,20,Apr,03_24_54
67.29,20,Apr,03_39_55
64.12,20,Apr,03_54_56
57.11,20,Apr,04_09_58
53.55,20,Apr,04_24_59
57.16,20,Apr,04_40_00
55.37,20,Apr,04_55_01
57.07,20,Apr,05_10_03
57.58,20,Apr,05_25_04
61.22,20,Apr,05_40_05
61.29,20,Apr,05_55_07
56.26,20,Apr,06_10_09
53.05,20,Apr,06_25_11
55.38,20,Apr,06_40_12
53.44,20,Apr,06_55_13
59.25,20,Apr,07_10_15
59.51,20,Apr,07_25_16
55.14,20,Apr,07_40_17
60.54,20,Apr,07_55_19
56.18,20,Apr,08_10_20
60.02,20,Apr,08_25_21
58.49,20,Apr,08_40_23
57.19,20,Apr,08_55_24
54.43,20,Apr,09_10_25
56.48,20,Apr,09_25_26
56.25,20,Apr,09_40_27
57.01,20,Apr,09_55_28
56.47,20,Apr,10_10_30
56.59,20,Apr,10_25_31
57.15,20,Apr,10_40_32
55.32,20,Apr,10_55_33
55.05,20,Apr,11_55_38
55.1,20,Apr,12_10_39
53.22,20,Apr,12_25_40
52.47,20,Apr,12_40_41
51.54,20,Apr,12_55_42
54.48,20,Apr,13_10_44
54.04,20,Apr,13_25_45
52.18,20,Apr,13_40_46
53.16,20,Apr,13_55_47
55.01,20,Apr,14_10_48
57.09,20,Apr,14_25_49
62.15,20,Apr,14_40_50
63.07,20,Apr,14_55_52
61.14,20,Apr,15_10_53
58.19,20,Apr,15_25_54
58.02,20,Apr,15_40_55
62.43,20,Apr,15_55_56
59.21,20,Apr,16_10_57
59.39,20,Apr,16_25_59
61.3,20,Apr,16_41_00
56.34,20,Apr,16_56_01
59.11,20,Apr,17_11_02
54.55,20,Apr,17_26_04
65.49,20,Apr,17_41_05
56.44,20,Apr,17_56_06
67.4,20,Apr,18_11_07
68.19,20,Apr,18_26_09
57.31,20,Apr,18_41_10
62.18,20,Apr,18_56_11
57.33,20,Apr,19_11_12
57.46,20,Apr,19_26_14
56.52,20,Apr,19_41_15
56.02,20,Apr,19_56_16
63.0,20,Apr,20_11_18
56.23,20,Apr,20_26_19
54.4,20,Apr,20_41_20
58.33,20,Apr,20_56_21
62.52,20,Apr,21_11_23
58.49,20,Apr,21_26_24
60.01,20,Apr,21_41_25
59.12,20,Apr,21_56_26
58.43,20,Apr,22_11_28
61.26,20,Apr,22_26_29
65.17,20,Apr,22_41_31
62.32,20,Apr,22_56_32
65.38,20,Apr,23_11_33
67.55,20,Apr,23_26_35
83.58,20,Apr,23_41_36
71.34,20,Apr,23_56_37
72.59,21,Apr,00_11_38
84.38,21,Apr,00_26_39
72.55,21,Apr,00_41_41
77.19,21,Apr,00_56_42
73.59,21,Apr,01_11_43
68.51,21,Apr,01_26_44
58.56,21,Apr,01_41_45
68.14,21,Apr,01_56_46
65.23,21,Apr,02_11_48
60.19,21,Apr,02_26_49
66.52,21,Apr,02_41_51
60.32,21,Apr,02_56_52
60.01,21,Apr,03_11_53
64.29,21,Apr,03_26_55
61.31,21,Apr,03_41_56
67.36,21,Apr,03_56_57
59.58,21,Apr,04_11_59
53.22,21,Apr,04_27_00
53.59,21,Apr,04_42_01
55.17,21,Apr,04_57_02
54.02,21,Apr,05_12_03
53.47,21,Apr,05_27_04
60.2,21,Apr,05_42_05
54.28,21,Apr,05_57_07
62.02,21,Apr,06_12_08
56.08,21,Apr,06_27_09
53.48,21,Apr,06_42_10
59.39,21,Apr,06_57_11
60.09,21,Apr,07_12_13
62.2,21,Apr,07_27_14
61.38,21,Apr,07_42_15
57.33,21,Apr,07_57_16
52.53,21,Apr,08_12_17
53.16,21,Apr,08_27_19
57.53,21,Apr,08_42_20
55.57,21,Apr,08_57_21
55.1,21,Apr,09_12_22
56.35,21,Apr,09_27_24
54.2,21,Apr,09_42_25
57.32,21,Apr,09_57_26
52.1,21,Apr,10_12_27
52.01,21,Apr,10_27_28
51.28,21,Apr,10_42_30
51.57,21,Apr,10_57_31
52.31,21,Apr,11_12_32
52.24,21,Apr,13_27_43
53.49,21,Apr,13_42_43
53.58,21,Apr,13_57_45
57.33,21,Apr,14_12_46
56.27,21,Apr,14_27_47
59.17,21,Apr,14_42_48
61.11,21,Apr,14_57_49
61.37,21,Apr,15_12_50
62.27,21,Apr,15_27_52
64.37,21,Apr,15_42_53
60.09,21,Apr,15_57_54
61.08,21,Apr,16_12_55
66.04,21,Apr,16_27_56
60.44,21,Apr,16_42_57
62.43,21,Apr,16_57_58
54.48,21,Apr,17_13_00
58.25,21,Apr,17_28_01
66.31,21,Apr,17_43_02
53.46,21,Apr,17_58_03
56.23,21,Apr,18_13_04
57.37,21,Apr,18_28_05
71.52,21,Apr,18_43_06
58.06,21,Apr,18_58_08
60.04,21,Apr,19_13_09
57.06,21,Apr,19_28_11
55.37,21,Apr,19_43_12
56.37,21,Apr,19_58_13
58.06,21,Apr,20_13_14
56.59,21,Apr,20_28_16
63.02,21,Apr,20_43_17
57.27,21,Apr,20_58_18
59.35,21,Apr,21_13_20
58.18,21,Apr,21_28_22
59.21,21,Apr,21_43_23
62.26,21,Apr,21_58_24
62.35,21,Apr,22_13_26
61.25,21,Apr,22_28_27
62.34,21,Apr,22_43_28
63.19,21,Apr,22_58_29
74.19,21,Apr,23_13_30
71.0,21,Apr,23_28_32
68.41,21,Apr,23_43_33
74.59,21,Apr,23_58_34
64.23,22,Apr,00_13_36
67.2,22,Apr,00_28_37
75.34,22,Apr,00_43_38
68.39,22,Apr,00_58_39
70.13,22,Apr,01_13_40
70.38,22,Apr,01_28_41
68.52,22,Apr,01_43_43
65.18,22,Apr,01_58_44
65.05,22,Apr,02_13_45
67.49,22,Apr,02_28_47
61.41,22,Apr,02_43_48
61.59,22,Apr,02_58_49
65.23,22,Apr,03_13_50
64.17,22,Apr,03_28_51
61.41,22,Apr,03_43_52
59.1,22,Apr,03_58_54
60.28,22,Apr,04_13_55
55.26,22,Apr,04_28_56
61.25,22,Apr,04_43_57
63.35,22,Apr,04_58_59
58.25,22,Apr,05_14_00
58.17,22,Apr,05_29_01
57.35,22,Apr,05_44_02
58.55,22,Apr,05_59_04
55.08,22,Apr,06_14_06
58.01,22,Apr,06_29_07
63.28,22,Apr,06_44_08
53.58,22,Apr,06_59_10
59.14,22,Apr,07_14_11
58.52,22,Apr,07_29_12
59.15,22,Apr,07_44_13
55.5,22,Apr,07_59_15
56.47,22,Apr,08_14_16
57.06,22,Apr,08_29_17
55.1,22,Apr,08_44_19
60.14,22,Apr,08_59_20
56.58,22,Apr,09_14_22
55.31,22,Apr,09_29_23
54.17,22,Apr,09_44_24
56.53,22,Apr,09_59_25
53.22,22,Apr,10_14_26
53.08,22,Apr,10_29_28
53.25,22,Apr,10_44_29
56.3,22,Apr,10_59_30
61.48,22,Apr,11_14_31
53.42,22,Apr,11_29_32
55.56,22,Apr,11_44_33
57.04,22,Apr,11_59_34
53.14,22,Apr,12_14_36
55.1,22,Apr,12_29_37
56.32,22,Apr,12_59_39
49.31,22,Apr,13_14_40
49.02,22,Apr,13_29_42
56.05,22,Apr,13_44_43
51.16,22,Apr,13_59_44
50.05,22,Apr,14_14_45
52.32,22,Apr,14_29_46
50.27,22,Apr,14_44_47
55.02,22,Apr,14_59_48
60.32,22,Apr,15_14_49
53.41,22,Apr,15_29_51
55.58,22,Apr,15_44_52
53.17,22,Apr,15_59_53
57.26,22,Apr,16_14_54
60.17,22,Apr,16_29_55
61.04,22,Apr,16_44_57
63.38,22,Apr,16_59_58
59.08,22,Apr,17_14_59
55.34,22,Apr,17_30_01
59.08,22,Apr,17_45_02
64.47,22,Apr,18_00_03
60.34,22,Apr,18_15_04
55.51,22,Apr,18_30_05
55.06,22,Apr,18_45_07
60.46,22,Apr,19_00_08
62.01,22,Apr,19_15_09
62.13,22,Apr,19_30_10
66.43,22,Apr,19_45_11
60.33,22,Apr,20_00_13
63.24,22,Apr,20_15_14
59.03,22,Apr,20_30_16
66.0,22,Apr,20_45_17
58.26,22,Apr,21_00_19
65.38,22,Apr,21_15_20
60.55,22,Apr,21_30_22
70.41,22,Apr,21_45_25
64.17,22,Apr,22_00_26
61.15,22,Apr,22_15_27
55.37,22,Apr,22_30_29
55.13,22,Apr,22_45_30
65.3,22,Apr,23_00_31
62.37,22,Apr,23_15_33
67.04,22,Apr,23_30_34
65.34,22,Apr,23_45_36
70.28,23,Apr,00_00_37
59.25,23,Apr,00_15_38
64.01,23,Apr,00_30_40
60.25,23,Apr,00_45_41
60.14,23,Apr,01_00_42
60.02,23,Apr,01_15_43
64.14,23,Apr,01_30_45
66.32,23,Apr,01_45_47
59.51,23,Apr,02_00_48
63.14,23,Apr,02_15_49
70.2,23,Apr,02_30_51
69.28,23,Apr,02_45_52
62.17,23,Apr,03_00_53
58.55,23,Apr,03_15_54
63.52,23,Apr,03_30_55
58.07,23,Apr,03_45_56
57.11,23,Apr,04_00_58
54.11,23,Apr,04_15_59
52.43,23,Apr,04_31_00
56.04,23,Apr,04_46_01
53.25,23,Apr,05_01_02
52.53,23,Apr,05_16_04
52.59,23,Apr,05_31_06
61.13,23,Apr,05_46_07
61.58,23,Apr,06_01_09
57.34,23,Apr,06_16_10
59.06,23,Apr,06_31_12
49.37,23,Apr,06_46_13
56.35,23,Apr,07_01_14
54.4,23,Apr,07_16_16
59.39,23,Apr,07_31_17
56.16,23,Apr,07_46_18
53.42,23,Apr,08_01_19
57.45,23,Apr,08_16_21
52.22,23,Apr,08_31_22
56.53,23,Apr,08_46_23
52.21,23,Apr,09_01_24
54.51,23,Apr,09_16_25
58.15,23,Apr,09_31_27
57.07,23,Apr,09_46_28
55.58,23,Apr,10_01_29
53.23,23,Apr,10_16_30
57.43,23,Apr,10_31_31
52.58,23,Apr,10_46_32
53.34,23,Apr,11_01_33
52.47,23,Apr,11_16_35
54.5,23,Apr,11_31_36
56.07,23,Apr,11_46_37
54.52,23,Apr,12_01_38
51.54,23,Apr,12_16_39
54.46,23,Apr,12_31_41
51.52,23,Apr,12_46_42
54.16,23,Apr,13_01_43
50.56,23,Apr,13_16_44
53.49,23,Apr,13_31_45
51.06,23,Apr,14_01_47
53.54,23,Apr,14_16_48
54.5,23,Apr,14_31_50
54.05,23,Apr,14_46_51
54.48,23,Apr,15_01_52
54.22,23,Apr,15_16_53
55.26,23,Apr,15_31_54
53.2,23,Apr,15_46_55
54.16,23,Apr,16_01_57
60.01,23,Apr,16_16_58
55.49,23,Apr,16_31_59
60.08,23,Apr,16_47_00
55.58,23,Apr,17_02_01
55.06,23,Apr,17_17_03
56.46,23,Apr,17_32_04
56.39,23,Apr,17_47_05
56.48,23,Apr,18_02_06
54.5,23,Apr,18_17_07
57.2,23,Apr,18_32_09
63.04,23,Apr,18_47_10
62.59,23,Apr,19_02_11
63.42,23,Apr,19_17_12
59.31,23,Apr,19_32_14
60.41,23,Apr,19_47_15
61.13,23,Apr,20_02_16
57.24,23,Apr,20_17_17
58.45,23,Apr,20_32_20
59.33,23,Apr,20_47_21
57.23,23,Apr,21_02_22
59.06,23,Apr,21_17_23
57.55,23,Apr,21_32_25
62.53,23,Apr,21_47_26
57.07,23,Apr,22_02_27
57.3,23,Apr,22_17_28
56.06,23,Apr,22_32_30
63.35,23,Apr,22_47_31
66.05,23,Apr,23_02_32
60.43,23,Apr,23_17_33
63.14,23,Apr,23_32_35
59.2,23,Apr,23_47_36
55.1,24,Apr,00_02_37
56.38,24,Apr,00_17_39
59.19,24,Apr,00_32_40
71.44,24,Apr,00_47_41
55.58,24,Apr,01_02_42
65.04,24,Apr,01_17_43
66.26,24,Apr,01_32_45
54.38,24,Apr,01_47_45
53.01,24,Apr,02_02_47
68.11,24,Apr,02_17_48
56.47,24,Apr,02_32_49
61.01,24,Apr,02_47_51
58.26,24,Apr,03_02_52
62.41,24,Apr,03_17_53
52.01,24,Apr,03_32_54
65.37,24,Apr,03_47_56
58.17,24,Apr,04_02_57
59.17,24,Apr,04_17_58
57.11,24,Apr,04_33_00
52.4,24,Apr,04_48_01
50.23,24,Apr,05_03_03
50.32,24,Apr,05_18_04
55.44,24,Apr,05_33_06
54.3,24,Apr,05_48_07
55.07,24,Apr,06_03_08
53.07,24,Apr,06_18_10
57.37,24,Apr,06_33_11
52.19,24,Apr,06_48_12
54.37,24,Apr,07_03_13
57.22,24,Apr,07_18_14
58.02,24,Apr,07_33_16
53.07,24,Apr,07_48_17
52.32,24,Apr,08_03_18
52.52,24,Apr,08_18_19
50.42,24,Apr,08_33_21
53.39,24,Apr,08_48_22
55.43,24,Apr,09_03_23
55.43,24,Apr,09_18_24
56.28,24,Apr,09_33_26
56.49,24,Apr,09_48_27
57.45,24,Apr,10_03_28
58.04,24,Apr,10_18_29
55.37,24,Apr,10_33_30
55.4,24,Apr,10_48_32
58.19,24,Apr,11_03_33
58.35,24,Apr,11_18_34
57.17,24,Apr,11_33_35
52.11,24,Apr,11_48_36
52.57,24,Apr,12_03_37
52.04,24,Apr,12_18_39
58.49,24,Apr,12_33_40
51.01,24,Apr,12_48_41
51.01,24,Apr,13_03_42
51.52,24,Apr,13_18_43
51.19,24,Apr,13_33_45
51.14,24,Apr,13_48_46
52.22,24,Apr,14_03_47
52.16,24,Apr,14_18_48
64.59,24,Apr,14_33_49
59.47,24,Apr,14_48_50
64.16,24,Apr,15_03_52
61.16,24,Apr,15_18_53
62.01,24,Apr,15_33_54
61.52,24,Apr,15_48_55
65.1,24,Apr,16_03_56
65.31,24,Apr,16_18_57
62.06,24,Apr,16_33_59
62.34,24,Apr,16_49_00
63.11,24,Apr,17_04_01
56.31,24,Apr,17_19_03
55.57,24,Apr,17_34_05
55.59,24,Apr,17_49_06
56.0,24,Apr,18_04_07
56.02,24,Apr,18_19_08
60.59,24,Apr,18_34_10
60.08,24,Apr,18_49_11
62.11,24,Apr,19_04_12
60.31,24,Apr,19_19_14
59.19,24,Apr,19_34_15
56.44,24,Apr,19_49_16
59.0,24,Apr,20_04_17
61.08,24,Apr,20_19_19
61.31,24,Apr,20_34_20
55.55,24,Apr,20_49_21
56.15,24,Apr,21_04_23
54.34,24,Apr,21_19_24
54.35,24,Apr,21_34_25
56.51,24,Apr,21_49_27
61.49,24,Apr,22_04_28
56.54,24,Apr,22_19_29
56.32,24,Apr,22_34_30
56.34,24,Apr,22_49_32
62.26,24,Apr,23_04_33
73.29,24,Apr,23_19_34
65.01,24,Apr,23_34_36
63.57,24,Apr,23_49_37
62.55,25,Apr,00_04_38
68.49,25,Apr,00_19_40
73.47,25,Apr,00_34_41
73.02,25,Apr,00_49_42
75.32,25,Apr,01_04_44
65.17,25,Apr,01_19_45
59.24,25,Apr,01_34_47
67.28,25,Apr,01_49_48
58.11,25,Apr,02_04_49
67.41,25,Apr,02_19_51
63.25,25,Apr,02_34_52
59.02,25,Apr,02_49_53
55.43,25,Apr,03_04_54
66.1,25,Apr,03_19_55
63.35,25,Apr,03_34_57
66.08,25,Apr,03_49_58
56.57,25,Apr,04_04_59
54.18,25,Apr,04_20_00
55.35,25,Apr,04_35_01
53.35,25,Apr,04_50_02
50.56,25,Apr,05_05_04
49.46,25,Apr,05_20_05
50.38,25,Apr,05_35_06
49.28,25,Apr,05_50_08
49.45,25,Apr,06_05_09
50.11,25,Apr,06_20_10
50.45,25,Apr,06_35_12
53.47,25,Apr,06_50_13
55.09,25,Apr,07_05_14
55.38,25,Apr,07_20_15
52.5,25,Apr,07_35_17
52.44,25,Apr,07_50_18
51.38,25,Apr,08_05_19
52.31,25,Apr,08_20_21
52.13,25,Apr,08_35_22
51.01,25,Apr,08_50_23
51.06,25,Apr,09_05_24
52.2,25,Apr,09_20_26
52.17,25,Apr,09_35_27
53.26,25,Apr,09_50_28
52.59,25,Apr,10_05_30
52.54,25,Apr,10_20_31
52.49,25,Apr,10_35_32
51.53,25,Apr,10_50_33
51.53,25,Apr,11_05_35
51.56,25,Apr,11_20_36
51.53,25,Apr,11_35_37
51.47,25,Apr,11_50_39
49.19,25,Apr,12_05_40
54.5,25,Apr,12_20_41
49.44,25,Apr,12_35_42
52.46,25,Apr,12_50_44
53.56,25,Apr,13_05_45
50.02,25,Apr,13_20_46
56.3,25,Apr,13_35_47
61.13,25,Apr,13_50_48
59.2,25,Apr,14_05_49
60.11,25,Apr,14_20_51
61.43,25,Apr,14_35_52
60.29,25,Apr,14_50_53
64.02,25,Apr,15_05_55
57.31,25,Apr,15_20_56
61.35,25,Apr,15_35_57
60.18,25,Apr,15_50_59
61.57,25,Apr,16_06_00
60.13,25,Apr,16_21_02
58.22,25,Apr,16_36_03
58.03,25,Apr,16_51_05
55.34,25,Apr,17_06_06
58.17,25,Apr,17_21_08
60.35,25,Apr,17_36_10
56.35,25,Apr,17_51_11
57.51,25,Apr,18_06_12
55.44,25,Apr,18_21_14
65.41,25,Apr,18_51_17
57.37,25,Apr,19_06_18
58.32,25,Apr,19_21_20
59.02,25,Apr,19_36_21
59.19,25,Apr,19_51_22
57.16,25,Apr,20_06_23
56.14,25,Apr,20_21_24
58.44,25,Apr,20_36_26
58.34,25,Apr,20_51_27
59.07,25,Apr,21_06_28
60.01,25,Apr,21_21_30
57.4,25,Apr,21_36_32
62.45,25,Apr,21_51_34
64.23,25,Apr,22_06_35
60.38,25,Apr,22_21_36
62.1,25,Apr,22_36_37
65.38,25,Apr,22_51_38
64.1,25,Apr,23_06_39
60.47,25,Apr,23_21_40
68.04,25,Apr,23_36_42
62.44,25,Apr,23_51_43
64.56,26,Apr,00_06_44
72.21,26,Apr,00_21_45
82.59,26,Apr,00_36_47
75.2,26,Apr,00_51_48
71.35,26,Apr,01_06_49
65.46,26,Apr,01_21_51
66.11,26,Apr,01_36_52
66.25,26,Apr,01_51_53
64.43,26,Apr,02_06_54
64.33,26,Apr,02_21_56
70.41,26,Apr,02_36_57
66.15,26,Apr,02_51_58
65.27,26,Apr,03_07_00
65.57,26,Apr,03_22_01
67.15,26,Apr,03_37_03
65.12,26,Apr,03_52_04
57.39,26,Apr,04_07_05
57.4,26,Apr,04_22_06
55.42,26,Apr,04_37_08
53.49,26,Apr,04_52_09
54.3,26,Apr,05_07_10
53.04,26,Apr,05_22_12
53.59,26,Apr,05_37_13
55.28,26,Apr,05_52_15
59.06,26,Apr,06_07_16
58.42,26,Apr,06_22_18
54.23,26,Apr,06_37_19
54.19,26,Apr,06_52_21
53.29,26,Apr,07_07_22
60.22,26,Apr,07_22_23
56.44,26,Apr,07_37_25
58.46,26,Apr,07_52_26
55.15,26,Apr,08_07_27
54.2,26,Apr,08_22_29
54.26,26,Apr,08_37_30
54.16,26,Apr,08_52_31
54.17,26,Apr,09_07_33
54.52,26,Apr,09_22_34
55.22,26,Apr,09_37_35
53.22,26,Apr,09_52_36
53.07,26,Apr,10_07_38
51.39,26,Apr,10_22_39
52.34,26,Apr,10_37_40
53.34,26,Apr,10_52_41
53.11,26,Apr,11_07_42
52.2,26,Apr,11_22_44
53.16,26,Apr,11_37_45
50.57,26,Apr,11_52_46
50.51,26,Apr,12_07_47
52.42,26,Apr,12_22_49
56.07,26,Apr,12_37_50
51.07,26,Apr,12_52_51
53.23,26,Apr,13_07_52
53.47,26,Apr,13_22_54
51.59,26,Apr,13_37_55
56.12,26,Apr,13_52_56
54.4,26,Apr,14_07_57
57.09,26,Apr,14_22_59
65.34,26,Apr,14_38_00
59.02,26,Apr,14_53_01
64.23,26,Apr,15_08_02
63.23,26,Apr,15_23_03
62.25,26,Apr,15_38_05
65.17,26,Apr,15_53_06
70.05,26,Apr,16_08_07
65.32,26,Apr,16_23_08
60.34,26,Apr,16_38_09
56.17,26,Apr,16_53_10
57.11,26,Apr,17_08_12
54.54,26,Apr,17_23_13
58.38,26,Apr,17_38_14
56.48,26,Apr,17_53_16
55.38,26,Apr,18_08_17
57.48,26,Apr,18_23_18
58.29,26,Apr,18_38_20
58.52,26,Apr,18_53_21
61.05,26,Apr,19_08_22
61.45,26,Apr,19_23_24
55.41,26,Apr,19_38_25
56.46,26,Apr,19_53_26
60.07,26,Apr,20_08_28
60.07,26,Apr,20_23_29
60.08,26,Apr,20_38_31
61.46,26,Apr,20_53_32
61.1,26,Apr,21_08_34
59.28,26,Apr,21_23_35
61.53,26,Apr,21_38_37
60.0,26,Apr,21_53_38
62.15,26,Apr,22_08_39
58.35,26,Apr,22_23_41
57.2,26,Apr,22_38_42
66.0,26,Apr,22_53_43
64.23,26,Apr,23_08_45
68.19,26,Apr,23_23_46
62.15,26,Apr,23_38_47
66.08,26,Apr,23_53_48
66.45,27,Apr,00_08_49
68.04,27,Apr,00_23_50
72.02,27,Apr,00_38_52
72.35,27,Apr,00_53_53
68.49,27,Apr,01_08_54
71.31,27,Apr,01_23_55
58.46,27,Apr,01_38_56
65.41,27,Apr,01_53_57
61.34,27,Apr,02_08_58
63.21,27,Apr,02_24_00
62.4,27,Apr,02_39_01
69.0,27,Apr,02_54_02
55.28,27,Apr,03_09_04
63.58,27,Apr,03_24_05
62.17,27,Apr,03_39_07
64.44,27,Apr,03_54_08
58.47,27,Apr,04_09_09
56.0,27,Apr,04_24_10
57.24,27,Apr,04_39_12
58.16,27,Apr,04_54_13
61.41,27,Apr,05_09_15
59.03,27,Apr,05_24_16
58.13,27,Apr,05_39_18
58.12,27,Apr,05_54_20
58.08,27,Apr,06_09_22
56.4,27,Apr,06_24_24
62.2,27,Apr,06_39_25
58.57,27,Apr,06_54_26
53.52,27,Apr,07_09_28
54.53,27,Apr,07_24_29
56.07,27,Apr,07_39_31
58.05,27,Apr,07_54_32
56.43,27,Apr,08_09_33
56.1,27,Apr,08_24_34
53.13,27,Apr,08_39_35
53.24,27,Apr,08_54_36
53.07,27,Apr,09_09_37
53.03,27,Apr,09_24_38
51.4,27,Apr,09_39_40
51.28,27,Apr,09_54_41
52.13,27,Apr,10_09_42
51.42,27,Apr,10_24_43
51.5,27,Apr,10_39_45
52.26,27,Apr,10_54_46
57.16,27,Apr,11_09_47
53.22,27,Apr,11_24_48
52.4,27,Apr,11_39_50
53.08,27,Apr,11_54_51
51.2,27,Apr,12_54_55
50.51,27,Apr,13_09_56
56.02,27,Apr,13_24_58
53.27,27,Apr,13_39_59
57.47,27,Apr,13_55_00
58.29,27,Apr,14_10_01
63.58,27,Apr,14_25_02
65.56,27,Apr,14_40_04
63.55,27,Apr,14_55_05
63.35,27,Apr,15_10_07
60.34,27,Apr,15_25_08
58.43,27,Apr,15_40_10
60.34,27,Apr,15_55_11
63.13,27,Apr,16_10_12
63.43,27,Apr,16_25_13
63.51,27,Apr,16_40_14
63.08,27,Apr,16_55_15
60.1,27,Apr,17_10_16
61.29,27,Apr,17_25_18
56.47,27,Apr,17_40_19
54.45,27,Apr,17_55_20
60.05,27,Apr,18_10_21
58.28,27,Apr,18_25_22
57.07,27,Apr,18_40_23
56.11,27,Apr,18_55_24
56.59,27,Apr,19_10_25
60.06,27,Apr,19_25_26
55.53,27,Apr,19_40_28
54.16,27,Apr,19_55_29
59.38,27,Apr,20_10_30
59.34,27,Apr,20_25_31
56.1,27,Apr,20_40_32
58.34,27,Apr,20_55_34
57.57,27,Apr,21_10_35
59.55,27,Apr,21_25_36
59.25,27,Apr,21_40_37
58.52,27,Apr,21_55_38
58.49,27,Apr,22_10_39
62.47,27,Apr,22_25_41
60.04,27,Apr,22_40_42
60.15,27,Apr,22_55_44
61.48,27,Apr,23_10_45
72.58,27,Apr,23_25_47
63.24,27,Apr,23_40_48
65.3,27,Apr,23_55_50
67.2,28,Apr,00_10_51
72.45,28,Apr,00_25_52
78.52,28,Apr,00_40_53
78.33,28,Apr,00_55_55
73.01,28,Apr,01_10_56
63.1,28,Apr,01_25_57
63.08,28,Apr,01_40_58
60.13,28,Apr,01_55_59
63.43,28,Apr,02_11_01
67.48,28,Apr,02_26_02
66.23,28,Apr,02_41_03
65.53,28,Apr,02_56_04
65.41,28,Apr,03_11_05
64.59,28,Apr,03_26_07
65.4,28,Apr,03_41_08
69.53,28,Apr,03_56_09
61.41,28,Apr,04_11_10
59.27,28,Apr,04_26_12
53.13,28,Apr,04_41_13
53.49,28,Apr,04_56_14
54.5,28,Apr,05_11_15
59.08,28,Apr,05_26_17
56.43,28,Apr,05_41_18
57.07,28,Apr,05_56_19
56.49,28,Apr,06_11_20
56.1,28,Apr,06_26_22
59.22,28,Apr,06_41_26
58.49,28,Apr,06_56_27
60.48,28,Apr,07_11_28
60.26,28,Apr,07_26_30
60.49,28,Apr,07_41_31
59.08,28,Apr,07_56_32
58.05,28,Apr,08_11_33
54.5,28,Apr,08_26_35
54.04,28,Apr,08_41_36
52.29,28,Apr,08_56_37
52.14,28,Apr,09_11_39
55.34,28,Apr,09_26_40
56.08,28,Apr,09_41_42
56.42,28,Apr,09_56_43
56.33,28,Apr,10_11_44
53.59,28,Apr,10_26_45
54.44,28,Apr,10_41_47
54.0,28,Apr,10_56_48
54.16,28,Apr,11_11_49
55.08,28,Apr,11_26_51
54.34,28,Apr,11_41_52
56.28,28,Apr,11_56_53
52.36,28,Apr,13_11_59
53.32,28,Apr,13_27_00
57.31,28,Apr,13_42_02
61.24,28,Apr,13_57_03
58.05,28,Apr,14_12_04
59.47,28,Apr,14_27_05
60.58,28,Apr,14_42_06
61.11,28,Apr,14_57_08
60.28,28,Apr,15_27_10
61.13,28,Apr,15_42_11
61.43,28,Apr,15_57_12
68.01,28,Apr,16_12_13
61.44,28,Apr,16_27_14
62.0,28,Apr,16_42_15
61.35,28,Apr,16_57_17
63.34,28,Apr,17_12_18
63.23,28,Apr,17_27_19
56.13,28,Apr,17_42_21
60.29,28,Apr,17_57_22
53.59,28,Apr,18_12_23
60.48,28,Apr,18_27_24
57.13,28,Apr,18_42_26
60.55,28,Apr,18_57_27
57.52,28,Apr,19_12_28
55.23,28,Apr,19_27_29
61.22,28,Apr,19_42_31
58.07,28,Apr,19_57_32
56.5,28,Apr,20_12_33
58.17,28,Apr,20_27_34
63.27,28,Apr,20_42_36
61.43,28,Apr,20_57_37
59.08,28,Apr,21_12_39
60.01,28,Apr,21_27_40
55.42,28,Apr,21_42_42
59.52,28,Apr,21_57_43
57.47,28,Apr,22_12_44
59.22,28,Apr,22_27_45
59.59,28,Apr,22_42_47
60.01,28,Apr,22_57_48
80.13,28,Apr,23_12_49
72.23,28,Apr,23_27_50
69.28,28,Apr,23_42_51
74.07,28,Apr,23_57_53
66.4,29,Apr,00_12_54
70.55,29,Apr,00_27_55
71.14,29,Apr,00_42_56
68.53,29,Apr,00_57_58
69.06,29,Apr,01_12_59
65.07,29,Apr,01_28_01
72.58,29,Apr,01_43_02
77.12,29,Apr,01_58_03
55.26,29,Apr,02_13_04
70.07,29,Apr,02_28_06
62.29,29,Apr,02_43_07
66.11,29,Apr,02_58_08
58.55,29,Apr,03_13_09
61.0,29,Apr,03_28_10
58.41,29,Apr,03_43_12
66.22,29,Apr,03_58_12
56.01,29,Apr,04_13_13
54.54,29,Apr,04_28_15
57.14,29,Apr,04_43_16
59.5,29,Apr,04_58_17
51.55,29,Apr,05_13_18
59.17,29,Apr,05_28_19
52.45,29,Apr,05_43_21
53.04,29,Apr,05_58_22
58.08,29,Apr,06_13_23
63.52,29,Apr,06_28_24
60.26,29,Apr,06_43_26
57.04,29,Apr,06_58_27
56.08,29,Apr,07_13_28
58.08,29,Apr,07_28_29
57.43,29,Apr,07_43_30
56.46,29,Apr,07_58_31
57.41,29,Apr,08_13_33
51.13,29,Apr,08_28_34
57.02,29,Apr,08_43_35
55.58,29,Apr,08_58_36
54.24,29,Apr,09_13_37
55.0,29,Apr,09_28_38
53.34,29,Apr,09_43_40
55.08,29,Apr,09_58_41
55.13,29,Apr,10_13_42
55.19,29,Apr,10_28_43
53.25,29,Apr,10_43_45
50.59,29,Apr,10_58_46
52.04,29,Apr,11_13_47
52.41,29,Apr,11_28_48
49.39,29,Apr,11_43_50
49.28,29,Apr,11_58_51
54.56,29,Apr,12_13_52
48.46,29,Apr,12_28_53
49.5,29,Apr,12_43_54
50.1,29,Apr,12_58_55
57.06,29,Apr,13_13_56
58.19,29,Apr,13_28_58
55.02,29,Apr,13_43_59
55.21,29,Apr,13_59_00
57.52,29,Apr,14_14_01
55.25,29,Apr,14_29_02
51.59,29,Apr,14_44_04
52.35,29,Apr,14_59_05
52.47,29,Apr,15_14_06
53.36,29,Apr,15_29_07
55.53,29,Apr,15_44_09
58.01,29,Apr,15_59_10
57.47,29,Apr,16_14_11
55.34,29,Apr,16_29_12
60.16,29,Apr,16_44_13
51.47,29,Apr,16_59_14
57.29,29,Apr,17_14_15
61.12,29,Apr,17_29_17
53.34,29,Apr,17_44_18
59.32,29,Apr,17_59_19
61.28,29,Apr,18_14_20
62.59,29,Apr,18_29_22
63.1,29,Apr,18_44_23
60.59,29,Apr,18_59_24
58.22,29,Apr,19_14_25
69.3,29,Apr,19_29_27
65.4,29,Apr,19_44_28
64.43,29,Apr,19_59_29
62.06,29,Apr,20_14_30
63.3,29,Apr,20_29_32
55.5,29,Apr,20_44_33
57.1,29,Apr,20_59_34
56.32,29,Apr,21_14_35
64.53,29,Apr,21_29_36
58.49,29,Apr,21_44_38
62.34,29,Apr,21_59_39
62.35,29,Apr,22_14_40
65.5,29,Apr,22_29_41
62.47,29,Apr,22_44_43
64.58,29,Apr,22_59_44
63.14,29,Apr,23_14_45
65.43,29,Apr,23_29_46
64.22,29,Apr,23_44_47
68.37,29,Apr,23_59_48
63.11,30,Apr,00_14_50
68.56,30,Apr,00_29_51
74.32,30,Apr,00_44_53
65.3,30,Apr,00_59_54
61.23,30,Apr,01_14_55
59.07,30,Apr,01_29_57
59.04,30,Apr,01_44_59
67.04,30,Apr,02_00_00
67.13,30,Apr,02_15_01
63.16,30,Apr,02_30_02
67.59,30,Apr,02_45_03
69.43,30,Apr,03_00_05
64.2,30,Apr,03_15_06
65.31,30,Apr,03_30_07
68.29,30,Apr,03_45_08
59.29,30,Apr,04_00_09
65.32,30,Apr,04_15_10
61.53,30,Apr,04_30_12
62.2,30,Apr,04_45_13
55.34,30,Apr,05_00_14
59.09,30,Apr,05_15_15
56.32,30,Apr,05_30_16
63.25,30,Apr,05_45_18
61.14,30,Apr,06_00_19
60.05,30,Apr,06_15_20
59.28,30,Apr,06_30_22
56.41,30,Apr,06_45_23
62.34,30,Apr,07_00_24
54.43,30,Apr,07_15_25
62.41,30,Apr,07_30_26
55.3,30,Apr,07_45_28
53.53,30,Apr,08_00_29
52.29,30,Apr,08_15_30
53.01,30,Apr,08_30_31
52.43,30,Apr,08_45_33
53.45,30,Apr,09_00_34
54.26,30,Apr,09_15_35
55.59,30,Apr,09_30_36
52.35,30,Apr,09_45_38
55.44,30,Apr,10_00_39
52.46,30,Apr,10_15_40
52.47,30,Apr,10_30_42
53.22,30,Apr,10_45_43
53.37,30,Apr,11_00_44
56.13,30,Apr,11_15_45
52.37,30,Apr,11_30_47
53.08,30,Apr,11_45_48
49.38,30,Apr,12_00_49
52.05,30,Apr,12_15_50
52.54,30,Apr,12_30_52
51.04,30,Apr,12_45_53
51.46,30,Apr,13_00_54
50.52,30,Apr,13_15_55
56.16,30,Apr,13_30_57
52.58,30,Apr,13_45_58
54.39,30,Apr,14_00_59
55.12,30,Apr,14_16_00
58.55,30,Apr,14_31_02
51.36,30,Apr,14_46_03
50.29,30,Apr,15_01_04
51.43,30,Apr,15_16_05
52.39,30,Apr,15_31_07
50.27,30,Apr,15_46_08
55.46,30,Apr,16_01_10
54.46,30,Apr,16_16_11
51.35,30,Apr,16_31_12
55.14,30,Apr,16_46_13
66.31,30,Apr,17_01_14
56.13,30,Apr,17_16_15
59.26,30,Apr,17_31_17
55.46,30,Apr,17_46_18
57.46,30,Apr,18_01_19
55.56,30,Apr,18_16_20
59.4,30,Apr,18_31_21
59.23,30,Apr,18_46_22
60.4,30,Apr,19_01_24
61.25,30,Apr,19_16_24
56.53,30,Apr,19_31_26
58.13,30,Apr,19_46_27
52.19,30,Apr,20_01_28
54.34,30,Apr,20_16_29
61.17,30,Apr,20_31_31
55.53,30,Apr,20_46_32
57.34,30,Apr,21_01_33
59.13,30,Apr,21_16_34
63.2,30,Apr,21_31_35
57.14,30,Apr,21_46_37
54.33,30,Apr,22_01_38
54.02,30,Apr,22_16_39
59.5,30,Apr,22_31_40
62.26,30,Apr,22_46_41
67.4,30,Apr,23_01_42
67.58,30,Apr,23_16_43
66.34,30,Apr,23_31_45
57.59,30,Apr,23_46_46
57.45,1,Mai,00_01_47
67.07,1,Mai,00_16_48
58.26,1,Mai,00_31_49
68.53,1,Mai,00_46_50
61.35,1,Mai,01_01_51
57.05,1,Mai,01_16_53
64.42,1,Mai,01_31_54
68.31,1,Mai,01_46_55
60.05,1,Mai,02_01_57
62.26,1,Mai,02_16_58
65.05,1,Mai,02_31_59
53.2,1,Mai,02_47_00
57.19,1,Mai,03_02_02
55.37,1,Mai,03_17_03
59.26,1,Mai,03_32_04
59.03,1,Mai,03_47_05
54.38,1,Mai,04_02_07
54.48,1,Mai,04_17_08
56.37,1,Mai,04_32_09
55.1,1,Mai,04_47_11
54.26,1,Mai,05_02_13
54.54,1,Mai,05_17_14
55.13,1,Mai,05_32_15
57.18,1,Mai,05_47_17
59.2,1,Mai,06_02_19
57.08,1,Mai,06_17_20
53.29,1,Mai,06_32_22
62.52,1,Mai,06_47_23
61.06,1,Mai,07_02_24
61.48,1,Mai,07_17_25
58.28,1,Mai,07_32_26
57.5,1,Mai,07_47_27
54.0,1,Mai,08_02_29
59.25,1,Mai,08_17_30
51.26,1,Mai,08_32_32
53.13,1,Mai,08_47_34
56.49,1,Mai,09_02_35
56.52,1,Mai,09_17_36
56.35,1,Mai,09_32_37
56.22,1,Mai,09_47_39
55.43,1,Mai,10_02_40
55.37,1,Mai,10_17_41
52.43,1,Mai,10_32_42
52.52,1,Mai,10_47_44
53.39,1,Mai,11_02_45
53.26,1,Mai,11_17_46
52.42,1,Mai,11_32_47
52.23,1,Mai,11_47_49
53.1,1,Mai,12_02_50
51.35,1,Mai,12_17_51
50.4,1,Mai,12_32_52
50.56,1,Mai,12_47_54
52.46,1,Mai,13_02_55
53.51,1,Mai,13_17_56
55.24,1,Mai,13_32_57
57.07,1,Mai,13_47_58
52.31,1,Mai,14_02_59
55.52,1,Mai,14_18_00
59.29,1,Mai,14_33_02
61.53,1,Mai,14_48_04
63.36,1,Mai,15_03_05
64.19,1,Mai,15_18_06
65.52,1,Mai,15_33_08
67.32,1,Mai,15_48_10
64.2,1,Mai,16_03_11
62.27,1,Mai,16_18_12
65.37,1,Mai,16_33_13
60.33,1,Mai,16_48_15
64.09,1,Mai,17_03_16
57.27,1,Mai,17_18_17
55.03,1,Mai,17_33_18
62.43,1,Mai,17_48_19
62.58,1,Mai,18_03_20
58.55,1,Mai,18_18_22
66.41,1,Mai,18_33_23
57.22,1,Mai,18_48_25
58.13,1,Mai,19_03_26
55.48,1,Mai,19_18_27
54.49,1,Mai,19_33_28
61.2,1,Mai,19_48_30
61.34,1,Mai,20_03_31
55.38,1,Mai,20_18_32
55.37,1,Mai,20_33_33
55.47,1,Mai,20_48_35
61.29,1,Mai,21_03_36
58.12,1,Mai,21_18_37
59.55,1,Mai,21_33_39
59.5,1,Mai,21_48_40
59.58,1,Mai,22_03_41
63.22,1,Mai,22_18_42
57.0,1,Mai,22_33_44
69.4,1,Mai,22_48_46
69.5,1,Mai,23_03_47
66.53,1,Mai,23_18_49
73.29,1,Mai,23_33_51
71.32,1,Mai,23_48_52
69.18,2,Mai,00_03_53
70.26,2,Mai,00_18_55
71.37,2,Mai,00_33_56
76.23,2,Mai,00_48_57
74.17,2,Mai,01_03_59
80.38,2,Mai,01_19_00
68.41,2,Mai,01_34_02
71.33,2,Mai,01_49_03
76.15,2,Mai,02_04_05
68.05,2,Mai,02_19_06
62.56,2,Mai,02_34_08
58.13,2,Mai,02_49_09
57.29,2,Mai,03_04_10
63.43,2,Mai,03_19_11
66.37,2,Mai,03_34_13
54.58,2,Mai,03_49_14
58.35,2,Mai,04_04_15
56.13,2,Mai,04_19_16
58.16,2,Mai,04_34_18
54.3,2,Mai,04_49_19
54.14,2,Mai,05_04_20
58.36,2,Mai,05_19_21
58.35,2,Mai,05_34_22
51.44,2,Mai,05_49_23
52.44,2,Mai,06_04_24
60.43,2,Mai,06_19_25
51.29,2,Mai,06_34_27
55.38,2,Mai,06_49_28
59.55,2,Mai,07_04_29
59.55,2,Mai,07_19_30
56.08,2,Mai,07_34_32
57.54,2,Mai,07_49_33
55.07,2,Mai,08_04_34
56.18,2,Mai,08_19_35
58.23,2,Mai,08_34_36
55.07,2,Mai,08_49_37
59.32,2,Mai,09_04_38
58.51,2,Mai,09_19_39
60.04,2,Mai,09_34_41
60.06,2,Mai,09_49_42
58.51,2,Mai,10_04_43
59.22,2,Mai,10_19_44
55.43,2,Mai,10_34_45
57.08,2,Mai,10_49_47
59.19,2,Mai,11_04_48
57.26,2,Mai,11_19_50
56.31,2,Mai,11_34_51
53.29,2,Mai,11_49_53
52.45,2,Mai,12_04_54
52.58,2,Mai,12_19_55
53.34,2,Mai,12_34_56
58.32,2,Mai,12_49_58
58.33,2,Mai,13_04_59
54.15,2,Mai,13_20_00
54.49,2,Mai,13_35_01
58.37,2,Mai,13_50_02
56.58,2,Mai,14_05_04
59.01,2,Mai,14_20_05
61.43,2,Mai,14_35_06
61.11,2,Mai,14_50_07
60.22,2,Mai,15_05_08
61.4,2,Mai,15_20_10
59.53,2,Mai,15_35_11
60.38,2,Mai,15_50_12
64.49,2,Mai,16_05_14
57.06,2,Mai,16_20_15
65.23,2,Mai,16_35_16
60.23,2,Mai,16_50_18
52.13,2,Mai,17_05_19
55.51,2,Mai,17_20_20
56.27,2,Mai,17_35_21
62.34,2,Mai,17_50_22
56.48,2,Mai,18_05_23
56.24,2,Mai,18_20_24
66.34,2,Mai,18_35_26
68.41,2,Mai,18_50_27
59.53,2,Mai,19_05_28
59.5,2,Mai,19_20_30
63.11,2,Mai,19_35_31
54.21,2,Mai,19_50_32
61.21,2,Mai,20_05_33
56.04,2,Mai,20_20_34
63.17,2,Mai,20_35_36
59.42,2,Mai,20_50_37
57.23,2,Mai,21_05_38
57.18,2,Mai,21_20_40
58.43,2,Mai,21_35_41
58.04,2,Mai,21_50_42
59.18,2,Mai,22_05_43
60.41,2,Mai,22_20_44
58.23,2,Mai,22_35_46
64.4,2,Mai,22_50_48
72.5,2,Mai,23_05_49
67.41,2,Mai,23_20_50
61.18,2,Mai,23_35_51
66.31,2,Mai,23_50_53
70.34,3,Mai,00_05_54
66.11,3,Mai,00_20_55
63.52,3,Mai,00_35_56
69.33,3,Mai,00_50_58
73.37,3,Mai,01_05_59
64.25,3,Mai,01_21_01
69.16,3,Mai,01_36_02
60.31,3,Mai,01_51_04
59.13,3,Mai,02_06_05
64.53,3,Mai,02_21_06
62.01,3,Mai,02_36_07
68.05,3,Mai,02_51_09
59.44,3,Mai,03_06_10
64.56,3,Mai,03_21_11
68.04,3,Mai,03_36_12
66.42,3,Mai,03_51_14
62.38,3,Mai,04_06_14
58.26,3,Mai,04_21_15
57.0,3,Mai,04_36_17
52.14,3,Mai,04_51_18
53.35,3,Mai,05_06_19
56.35,3,Mai,05_21_20
57.4,3,Mai,05_36_22
55.16,3,Mai,05_51_23
57.51,3,Mai,06_06_24
56.02,3,Mai,06_21_25
57.02,3,Mai,06_36_27
54.01,3,Mai,06_51_28
55.55,3,Mai,07_06_29
56.44,3,Mai,07_21_31
58.15,3,Mai,07_36_32
58.49,3,Mai,07_51_33
56.47,3,Mai,08_06_34
56.07,3,Mai,08_21_35
55.1,3,Mai,08_36_37
55.07,3,Mai,08_51_38
54.57,3,Mai,09_06_40
54.14,3,Mai,09_21_41
56.09,3,Mai,09_36_42
55.53,3,Mai,09_51_43
55.5,3,Mai,10_06_44
55.38,3,Mai,10_21_45
55.43,3,Mai,10_36_47
56.06,3,Mai,10_51_48
56.3,3,Mai,11_06_50
55.32,3,Mai,11_21_51
55.42,3,Mai,11_36_52
56.05,3,Mai,11_51_53
54.26,3,Mai,12_06_54
52.37,3,Mai,12_21_55
56.01,3,Mai,12_36_57
55.53,3,Mai,12_51_58
53.04,3,Mai,13_06_59
53.13,3,Mai,13_22_00
52.02,3,Mai,13_37_01
54.46,3,Mai,13_52_02
55.52,3,Mai,14_07_03
63.43,3,Mai,14_22_04
62.47,3,Mai,14_37_06
59.57,3,Mai,14_52_08
63.53,3,Mai,15_07_09
61.49,3,Mai,15_22_10
58.49,3,Mai,15_37_11
62.48,3,Mai,15_52_13
58.21,3,Mai,16_07_14
62.5,3,Mai,16_22_15
54.11,3,Mai,16_37_17
67.53,3,Mai,16_52_18
60.58,3,Mai,17_07_19
55.52,3,Mai,17_22_20
54.17,3,Mai,17_37_21
60.14,3,Mai,17_52_22
56.31,3,Mai,18_07_24
63.14,3,Mai,18_22_25
60.44,3,Mai,18_37_26
61.1,3,Mai,18_52_27
63.2,3,Mai,19_07_28
63.21,3,Mai,19_22_29
56.5,3,Mai,19_37_31
57.48,3,Mai,19_52_32
59.32,3,Mai,20_07_33
55.08,3,Mai,20_22_34
60.32,3,Mai,20_37_36
61.31,3,Mai,20_52_37
61.56,3,Mai,21_07_39
57.44,3,Mai,21_22_40
58.47,3,Mai,21_37_42
57.57,3,Mai,21_52_44
61.13,3,Mai,22_07_45
63.52,3,Mai,22_22_47
58.55,3,Mai,22_37_48
64.2,3,Mai,22_52_49
70.41,3,Mai,23_07_50
70.16,3,Mai,23_22_51
70.58,3,Mai,23_37_53
66.25,3,Mai,23_52_54
68.12,4,Mai,00_07_55
65.35,4,Mai,00_22_56
74.23,4,Mai,00_37_58
72.05,4,Mai,00_52_59
66.59,4,Mai,01_08_00
68.43,4,Mai,01_23_01
65.19,4,Mai,01_38_07
66.58,4,Mai,01_53_08
69.13,4,Mai,02_08_09
62.36,4,Mai,02_23_10
60.31,4,Mai,02_38_11
63.46,4,Mai,02_53_13
63.1,4,Mai,03_08_14
63.38,4,Mai,03_23_15
64.16,4,Mai,03_38_16
61.16,4,Mai,03_53_18
59.33,4,Mai,04_08_19
56.37,4,Mai,04_23_20
55.45,4,Mai,04_38_21
52.21,4,Mai,04_53_23
52.54,4,Mai,05_08_24
55.19,4,Mai,05_23_26
51.47,4,Mai,05_38_27
59.13,4,Mai,05_53_28
57.09,4,Mai,06_08_29
53.04,4,Mai,06_23_31
51.47,4,Mai,06_38_32
57.59,4,Mai,06_53_33
57.35,4,Mai,07_08_34
58.06,4,Mai,07_23_35
54.42,4,Mai,07_38_37
65.56,4,Mai,07_53_38
53.23,4,Mai,08_08_40
53.11,4,Mai,08_23_41
53.34,4,Mai,08_38_43
57.55,4,Mai,08_53_44
54.49,4,Mai,09_08_45
56.25,4,Mai,09_23_46
56.49,4,Mai,09_38_47
55.39,4,Mai,09_53_49
55.56,4,Mai,10_08_50
53.49,4,Mai,10_23_51
52.59,4,Mai,10_38_53
53.03,4,Mai,10_53_55
56.05,4,Mai,11_08_56
53.02,4,Mai,11_23_57
52.24,4,Mai,11_38_58
53.55,4,Mai,11_54_00
50.59,4,Mai,12_09_01
56.13,4,Mai,12_24_02
54.02,4,Mai,12_39_03
52.32,4,Mai,12_54_05
55.35,4,Mai,13_09_06
52.34,4,Mai,13_24_07
52.35,4,Mai,13_39_08
53.46,4,Mai,13_54_09
54.2,4,Mai,14_09_11
57.47,4,Mai,14_24_12
59.1,4,Mai,14_39_13
59.34,4,Mai,14_54_14
62.05,4,Mai,15_09_15
63.31,4,Mai,15_24_16
59.55,4,Mai,15_39_18
57.02,4,Mai,15_54_20
59.52,4,Mai,16_09_21
62.02,4,Mai,16_24_22
61.05,4,Mai,16_39_23
59.13,4,Mai,16_54_25
56.19,4,Mai,17_09_26
55.03,4,Mai,17_24_27
55.47,4,Mai,17_39_29
57.55,4,Mai,17_54_30
53.42,4,Mai,18_09_31
57.18,4,Mai,18_24_32
57.35,4,Mai,18_39_33
56.07,4,Mai,18_54_35
55.02,4,Mai,19_09_36
55.11,4,Mai,19_24_37
55.11,4,Mai,19_39_38
60.2,4,Mai,19_54_40
57.49,4,Mai,20_09_41
56.32,4,Mai,20_24_42
62.56,4,Mai,20_39_43
59.57,4,Mai,20_54_45
56.46,4,Mai,21_09_46
54.31,4,Mai,21_24_47
61.59,4,Mai,21_39_48
60.11,4,Mai,21_54_50
61.05,4,Mai,22_09_51
62.55,4,Mai,22_24_52
56.59,4,Mai,22_39_54
59.43,4,Mai,22_54_55
63.31,4,Mai,23_09_56
67.25,4,Mai,23_24_58
62.09,4,Mai,23_39_59
73.19,4,Mai,23_55_01
64.17,5,Mai,00_10_02
67.31,5,Mai,00_25_03
68.26,5,Mai,00_40_05
65.59,5,Mai,00_55_06
70.14,5,Mai,01_10_07
68.29,5,Mai,01_25_08
59.43,5,Mai,01_40_09
67.07,5,Mai,01_55_10
59.16,5,Mai,02_10_11
58.12,5,Mai,02_25_12
69.25,5,Mai,02_40_14
59.1,5,Mai,02_55_15
55.4,5,Mai,03_10_16
60.26,5,Mai,03_25_17
64.53,5,Mai,03_40_18
60.06,5,Mai,03_55_20
55.07,5,Mai,04_10_21
54.11,5,Mai,04_25_22
55.25,5,Mai,04_40_23
56.47,5,Mai,04_55_25
54.17,5,Mai,05_10_26
54.28,5,Mai,05_25_27
58.56,5,Mai,05_40_28
52.41,5,Mai,05_55_30
62.1,5,Mai,06_10_31
55.15,5,Mai,06_25_32
54.47,5,Mai,06_40_34
55.28,5,Mai,06_55_35
59.21,5,Mai,07_10_36
57.38,5,Mai,07_25_37
57.14,5,Mai,07_40_38
54.17,5,Mai,07_55_39
53.32,5,Mai,08_10_40
54.54,5,Mai,08_25_42
55.5,5,Mai,08_40_43
56.04,5,Mai,08_55_44
56.22,5,Mai,09_10_45
57.08,5,Mai,09_25_47
58.28,5,Mai,09_40_48
58.03,5,Mai,09_55_49
58.07,5,Mai,10_10_50
52.43,5,Mai,10_25_51
52.01,5,Mai,10_40_52
51.36,5,Mai,10_55_53
51.13,5,Mai,11_10_54
50.58,5,Mai,11_25_55
51.0,5,Mai,11_40_57
52.02,5,Mai,11_55_58
53.27,5,Mai,12_10_59
52.56,5,Mai,12_26_01
51.07,5,Mai,12_41_02
50.29,5,Mai,12_56_03
53.54,5,Mai,13_11_04
54.53,5,Mai,13_26_05
54.58,5,Mai,13_41_07
51.44,5,Mai,13_56_08
56.31,5,Mai,14_11_09
55.52,5,Mai,14_26_10
60.01,5,Mai,14_41_11
57.22,5,Mai,14_56_12
59.38,5,Mai,15_11_14
62.13,5,Mai,15_26_15
60.38,5,Mai,15_41_17
55.46,5,Mai,15_56_18
59.32,5,Mai,16_11_19
64.22,5,Mai,16_26_20
60.5,5,Mai,16_41_22
70.56,5,Mai,16_56_23
59.31,5,Mai,17_11_25
60.01,5,Mai,17_26_26
59.14,5,Mai,17_41_27
85.08,5,Mai,17_56_29
58.19,5,Mai,18_11_30
64.58,5,Mai,18_26_31
69.17,5,Mai,18_41_33
63.52,5,Mai,18_56_34
55.52,5,Mai,19_11_36
59.55,5,Mai,19_26_37
59.17,5,Mai,19_41_38
59.09,5,Mai,19_56_39
66.0,5,Mai,20_11_41
58.23,5,Mai,20_26_42
60.31,5,Mai,20_41_43
57.51,5,Mai,20_56_44
55.02,5,Mai,21_11_46
57.17,5,Mai,21_26_47
60.34,5,Mai,21_41_48
62.51,5,Mai,21_56_50
60.11,5,Mai,22_11_51
59.41,5,Mai,22_26_53
60.23,5,Mai,22_41_54
68.02,5,Mai,22_56_56
71.21,5,Mai,23_11_57
63.04,5,Mai,23_26_58
62.47,5,Mai,23_41_59
64.59,5,Mai,23_57_01
76.29,6,Mai,00_12_02
72.04,6,Mai,00_27_03
81.05,6,Mai,00_42_05
64.23,6,Mai,00_57_06
71.4,6,Mai,01_12_07
66.48,6,Mai,01_27_08
63.55,6,Mai,01_42_10
60.56,6,Mai,01_57_11
62.51,6,Mai,02_12_12
54.29,6,Mai,02_27_13
59.46,6,Mai,02_42_15
59.41,6,Mai,02_57_16
62.23,6,Mai,03_12_17
62.04,6,Mai,03_27_18
60.02,6,Mai,03_42_19
60.28,6,Mai,03_57_21
58.28,6,Mai,04_12_22
58.14,6,Mai,04_27_23
53.03,6,Mai,04_42_24
54.04,6,Mai,04_57_25
52.47,6,Mai,05_12_27
54.58,6,Mai,05_27_28
55.02,6,Mai,05_42_29
59.0,6,Mai,05_57_31
52.43,6,Mai,06_12_32
58.46,6,Mai,06_27_33
56.59,6,Mai,06_42_34
55.52,6,Mai,06_57_36
57.26,6,Mai,07_12_37
53.41,6,Mai,07_27_38
56.02,6,Mai,07_42_39
57.56,6,Mai,07_57_41
55.53,6,Mai,08_12_42
55.53,6,Mai,08_27_44
55.46,6,Mai,08_42_45
55.24,6,Mai,08_57_46
52.33,6,Mai,09_12_47
54.11,6,Mai,09_27_49
54.19,6,Mai,09_42_50
53.53,6,Mai,09_57_51
51.34,6,Mai,10_12_52
50.48,6,Mai,10_27_54
51.21,6,Mai,10_42_55
50.37,6,Mai,10_57_56
50.58,6,Mai,11_12_57
54.12,6,Mai,11_27_58
54.42,6,Mai,11_42_59
51.49,6,Mai,11_58_00
51.04,6,Mai,12_13_02
50.28,6,Mai,12_28_03
50.13,6,Mai,12_43_04
49.38,6,Mai,12_58_05
51.43,6,Mai,13_13_06
53.53,6,Mai,13_28_08
49.37,6,Mai,13_43_09
49.1,6,Mai,13_58_10
53.04,6,Mai,14_13_11
51.4,6,Mai,14_28_12
54.55,6,Mai,14_43_14
52.11,6,Mai,14_58_15
50.06,6,Mai,15_13_16
53.48,6,Mai,15_28_17
50.46,6,Mai,15_43_19
51.22,6,Mai,15_58_20
57.52,6,Mai,16_13_21
54.09,6,Mai,16_28_22
58.04,6,Mai,16_43_23
59.05,6,Mai,16_58_25
55.11,6,Mai,17_13_26
60.05,6,Mai,17_28_27
60.13,6,Mai,17_43_28
61.4,6,Mai,17_58_29
58.58,6,Mai,18_13_30
56.4,6,Mai,18_28_32
57.4,6,Mai,18_43_33
58.5,6,Mai,18_58_34
54.17,6,Mai,19_13_35
57.44,6,Mai,19_28_36
60.02,6,Mai,19_43_38
55.49,6,Mai,19_58_39
56.26,6,Mai,20_13_40
60.32,6,Mai,20_28_41
59.01,6,Mai,20_43_43
58.11,6,Mai,20_58_44
59.28,6,Mai,21_13_46
57.29,6,Mai,21_28_47
60.12,6,Mai,21_43_48
60.12,6,Mai,21_58_49
60.48,6,Mai,22_13_50
57.38,6,Mai,22_28_51
57.14,6,Mai,22_43_53
58.4,6,Mai,22_58_54
63.59,6,Mai,23_13_55
65.56,6,Mai,23_28_56
67.19,6,Mai,23_43_57
57.47,6,Mai,23_58_58
58.17,7,Mai,00_13_59
68.06,7,Mai,00_29_01
59.13,7,Mai,00_44_02
63.09,7,Mai,00_59_03
62.0,7,Mai,01_14_05
66.33,7,Mai,01_29_06
59.53,7,Mai,01_44_07
65.34,7,Mai,01_59_08
61.54,7,Mai,02_14_09
65.59,7,Mai,02_29_10
58.05,7,Mai,02_44_11
61.08,7,Mai,02_59_12
57.28,7,Mai,03_14_14
63.3,7,Mai,03_29_15
55.42,7,Mai,03_44_16
65.2,7,Mai,03_59_18
63.53,7,Mai,04_14_19
55.58,7,Mai,04_29_20
53.18,7,Mai,04_44_21
53.05,7,Mai,04_59_23
53.25,7,Mai,05_14_24
54.27,7,Mai,05_29_27
54.24,7,Mai,05_44_28
56.03,7,Mai,05_59_30
55.25,7,Mai,06_14_32
60.21,7,Mai,06_29_34
51.52,7,Mai,06_44_36
58.17,7,Mai,06_59_37
53.53,7,Mai,07_14_38
60.18,7,Mai,07_29_40
52.43,7,Mai,07_44_41
54.5,7,Mai,07_59_43
53.06,7,Mai,08_14_44
53.15,7,Mai,08_29_45
50.52,7,Mai,08_44_47
53.35,7,Mai,08_59_48
61.13,7,Mai,09_14_49
58.19,7,Mai,09_29_50
57.56,7,Mai,09_44_52
58.49,7,Mai,09_59_53
54.43,7,Mai,10_14_56
54.57,7,Mai,10_29_57
58.4,7,Mai,10_44_58
54.44,7,Mai,10_59_59
53.19,7,Mai,11_15_00
61.22,7,Mai,11_30_02
57.16,7,Mai,11_45_03
53.22,7,Mai,12_00_04
59.03,7,Mai,12_15_05
56.37,7,Mai,12_30_06
56.37,7,Mai,12_45_07
53.52,7,Mai,13_00_09
51.3,7,Mai,13_15_10
50.58,7,Mai,13_30_11
53.58,7,Mai,13_45_12
49.23,7,Mai,14_00_13
49.36,7,Mai,14_15_15
53.02,7,Mai,14_30_16
49.04,7,Mai,14_45_17
50.32,7,Mai,15_00_18
56.28,7,Mai,15_15_19
53.1,7,Mai,15_30_20
51.37,7,Mai,15_45_21
51.25,7,Mai,16_00_23
52.43,7,Mai,16_15_24
52.37,7,Mai,16_30_25
52.29,7,Mai,16_45_26
52.2,7,Mai,17_00_27
56.53,7,Mai,17_15_28
52.44,7,Mai,17_30_29
60.23,7,Mai,17_45_30
56.44,7,Mai,18_00_32
55.26,7,Mai,18_15_33
54.49,7,Mai,18_30_34
52.56,7,Mai,18_45_35
54.59,7,Mai,19_00_36
54.19,7,Mai,19_15_38
52.21,7,Mai,19_30_39
54.22,7,Mai,19_45_40
56.55,7,Mai,20_00_42
52.07,7,Mai,20_15_43
57.49,7,Mai,20_30_44
57.29,7,Mai,20_45_46
55.22,7,Mai,21_00_47
53.28,7,Mai,21_15_48
51.02,7,Mai,21_30_49
52.43,7,Mai,21_45_51
54.08,7,Mai,22_00_52
56.05,7,Mai,22_15_53
55.18,7,Mai,22_30_54
54.23,7,Mai,22_45_55
55.28,7,Mai,23_00_56
59.55,7,Mai,23_15_57
66.54,7,Mai,23_30_58
62.2,7,Mai,23_46_00
57.46,8,Mai,00_01_01
67.1,8,Mai,00_16_03
64.23,8,Mai,00_31_04
56.37,8,Mai,00_46_05
59.26,8,Mai,01_01_06
61.2,8,Mai,01_16_08
58.23,8,Mai,01_31_09
51.19,8,Mai,01_46_11
53.28,8,Mai,02_01_12
49.32,8,Mai,02_16_13
57.41,8,Mai,02_31_15
58.42,8,Mai,02_46_17
54.28,8,Mai,03_01_18
60.25,8,Mai,03_16_23
65.1,8,Mai,03_31_24
50.3,8,Mai,03_46_25
48.41,8,Mai,04_01_27
49.41,8,Mai,04_16_28
54.05,8,Mai,04_31_29
51.08,8,Mai,04_46_30
55.13,8,Mai,05_01_32
53.47,8,Mai,05_16_33
51.13,8,Mai,05_31_34
49.04,8,Mai,05_46_35
52.2,8,Mai,06_01_37
52.04,8,Mai,06_16_38
52.5,8,Mai,06_31_39
50.32,8,Mai,06_46_41
52.43,8,Mai,07_01_42
49.43,8,Mai,07_16_43
49.5,8,Mai,07_31_44
46.56,8,Mai,07_46_46
46.49,8,Mai,08_01_47
47.19,8,Mai,08_16_49
47.25,8,Mai,08_31_50
47.03,8,Mai,08_46_51
46.59,8,Mai,09_01_53
49.04,8,Mai,09_16_54
49.12,8,Mai,09_31_55
48.02,8,Mai,09_46_56
47.49,8,Mai,10_01_57
47.5,8,Mai,10_16_59
46.41,8,Mai,10_32_00
46.02,8,Mai,10_47_01
46.19,8,Mai,11_02_03
47.44,8,Mai,11_17_04
48.44,8,Mai,11_32_05
48.1,8,Mai,11_47_07
46.11,8,Mai,12_02_08
45.47,8,Mai,12_17_10
49.46,8,Mai,12_32_11
49.02,8,Mai,12_47_12
51.53,8,Mai,13_02_13
50.03,8,Mai,13_17_15
52.2,8,Mai,13_32_16
51.27,8,Mai,13_47_17
52.16,8,Mai,14_02_18
54.04,8,Mai,14_17_20
59.05,8,Mai,14_32_21
57.26,8,Mai,14_47_22
59.05,8,Mai,15_02_23
59.33,8,Mai,15_17_25
57.25,8,Mai,15_32_26
58.17,8,Mai,15_47_28
61.08,8,Mai,16_02_29
56.51,8,Mai,16_17_30
58.37,8,Mai,16_32_31
54.47,8,Mai,16_47_32
65.14,8,Mai,17_02_33
53.47,8,Mai,17_17_34
56.22,8,Mai,17_32_36
61.0,8,Mai,17_47_37
61.53,8,Mai,18_02_38
53.31,8,Mai,18_17_39
52.37,8,Mai,18_32_41
62.45,8,Mai,18_47_42
57.11,8,Mai,19_02_44
57.59,8,Mai,19_17_45
54.58,8,Mai,19_32_47
58.28,8,Mai,19_47_48
56.43,8,Mai,20_02_50
58.07,8,Mai,20_17_51
64.57,8,Mai,20_32_53
63.07,8,Mai,20_47_54
58.4,8,Mai,21_02_56
63.02,8,Mai,21_17_57
60.31,8,Mai,21_32_58
61.05,8,Mai,21_48_00
58.35,8,Mai,22_03_01
61.05,8,Mai,22_18_04
61.49,8,Mai,22_33_06
61.27,8,Mai,22_48_07
68.1,8,Mai,23_03_09
64.29,8,Mai,23_18_11
64.35,8,Mai,23_33_12
70.01,8,Mai,23_48_14
74.13,9,Mai,00_03_16
72.48,9,Mai,00_18_17
67.06,9,Mai,00_33_18
74.1,9,Mai,00_48_20
65.35,9,Mai,01_03_21
66.11,9,Mai,01_18_22
68.47,9,Mai,01_33_24
63.16,9,Mai,01_48_25
70.13,9,Mai,02_03_27
66.19,9,Mai,02_18_28
60.4,9,Mai,02_33_30
60.29,9,Mai,02_48_31
57.28,9,Mai,03_03_33
67.17,9,Mai,03_18_35
64.58,9,Mai,03_33_36
61.08,9,Mai,03_48_37
60.44,9,Mai,04_03_39
56.07,9,Mai,04_18_40
55.22,9,Mai,04_33_41
53.48,9,Mai,04_48_43
59.46,9,Mai,05_03_44
55.56,9,Mai,05_18_46
53.12,9,Mai,05_33_47
55.34,9,Mai,05_48_48
54.56,9,Mai,06_03_50
54.51,9,Mai,06_18_51
64.41,9,Mai,06_33_52
64.53,9,Mai,06_48_53
59.29,9,Mai,07_03_55
55.01,9,Mai,07_18_56
59.25,9,Mai,07_33_57
57.05,9,Mai,07_48_58
55.1,9,Mai,08_03_59
56.55,9,Mai,08_19_00
55.37,9,Mai,08_34_01
55.56,9,Mai,08_49_02
55.13,9,Mai,09_04_04
54.21,9,Mai,09_19_05
53.51,9,Mai,09_34_06
53.37,9,Mai,09_49_07
53.06,9,Mai,10_04_08
53.21,9,Mai,10_19_09
53.1,9,Mai,10_34_10
53.5,9,Mai,10_49_11
54.03,9,Mai,11_04_13
54.02,9,Mai,11_19_14
54.05,9,Mai,11_34_15
52.19,9,Mai,11_49_16
51.04,9,Mai,12_04_18
54.24,9,Mai,12_19_19
53.11,9,Mai,12_34_20
54.23,9,Mai,12_49_21
51.51,9,Mai,13_04_23
52.53,9,Mai,13_19_24
53.16,9,Mai,13_34_25
53.26,9,Mai,13_49_26
55.34,9,Mai,14_04_27
57.2,9,Mai,14_19_28
57.15,9,Mai,14_34_29
58.37,9,Mai,14_49_30
58.48,9,Mai,15_04_31
62.3,9,Mai,15_19_32
62.19,9,Mai,15_34_33
60.05,9,Mai,15_49_34
60.08,9,Mai,16_04_36
58.02,9,Mai,16_19_37
65.31,9,Mai,16_34_38
66.25,9,Mai,16_49_39
55.0,9,Mai,17_04_40
53.48,9,Mai,17_19_41
53.23,9,Mai,17_34_43
62.4,9,Mai,17_49_43
55.01,9,Mai,18_04_45
55.06,9,Mai,18_19_46
58.05,9,Mai,18_34_47
58.31,9,Mai,18_49_49
57.51,9,Mai,19_04_50
57.14,9,Mai,19_19_51
53.12,9,Mai,19_34_52
57.04,9,Mai,19_49_54
53.22,9,Mai,20_04_55
60.43,9,Mai,20_19_56
63.44,9,Mai,20_34_57
59.38,9,Mai,20_49_59
54.49,9,Mai,21_05_00
61.14,9,Mai,21_20_02
55.59,9,Mai,21_35_03
57.08,9,Mai,21_50_05
54.53,9,Mai,22_05_06
59.17,9,Mai,22_20_08
60.19,9,Mai,22_35_09
60.44,9,Mai,22_50_11
65.23,9,Mai,23_05_12
64.5,9,Mai,23_20_14
78.17,9,Mai,23_35_15
70.37,9,Mai,23_50_16
69.36,10,Mai,00_05_18
69.17,10,Mai,00_20_19
64.11,10,Mai,00_35_20
59.09,10,Mai,00_50_21
74.14,10,Mai,01_05_23
63.28,10,Mai,01_20_24
70.48,10,Mai,01_35_25
65.26,10,Mai,01_50_26
66.25,10,Mai,02_05_28
62.39,10,Mai,02_20_29
56.56,10,Mai,02_35_31
60.27,10,Mai,02_50_32
66.56,10,Mai,03_05_35
71.43,10,Mai,03_20_36
67.17,10,Mai,03_35_37
58.19,10,Mai,03_50_39
62.18,10,Mai,04_05_40
57.49,10,Mai,04_20_41
57.42,10,Mai,04_35_42
55.54,10,Mai,04_50_43
54.59,10,Mai,05_05_46
60.14,10,Mai,05_20_47
56.3,10,Mai,05_35_48
54.32,10,Mai,05_50_49
55.5,10,Mai,06_05_51
57.52,10,Mai,06_20_52
56.06,10,Mai,06_35_53
58.43,10,Mai,06_50_54
59.02,10,Mai,07_05_56
61.49,10,Mai,07_20_57
56.18,10,Mai,07_35_58
56.25,10,Mai,07_50_59
54.35,10,Mai,08_06_01
55.5,10,Mai,08_21_02
54.59,10,Mai,08_36_03
56.05,10,Mai,08_51_04
55.21,10,Mai,09_06_06
55.13,10,Mai,09_21_07
53.28,10,Mai,09_36_08
53.44,10,Mai,09_51_09
54.2,10,Mai,10_06_11
55.08,10,Mai,10_21_12
53.15,10,Mai,10_36_13
57.26,10,Mai,10_51_14
54.22,10,Mai,11_06_16
55.43,10,Mai,11_21_17
55.07,10,Mai,11_36_18
52.11,10,Mai,11_51_19
53.4,10,Mai,12_06_20
56.08,10,Mai,12_21_21
55.09,10,Mai,12_36_22
53.51,10,Mai,12_51_23
51.49,10,Mai,13_06_25
51.17,10,Mai,13_21_26
54.29,10,Mai,13_36_27
54.0,10,Mai,13_51_28
66.23,10,Mai,14_06_29
58.05,10,Mai,14_21_30
60.12,10,Mai,14_36_31
59.46,10,Mai,14_51_32
62.38,10,Mai,15_06_33
60.28,10,Mai,15_21_34
59.49,10,Mai,15_36_35
57.32,10,Mai,15_51_36
57.06,10,Mai,16_06_38
57.02,10,Mai,16_21_39
66.27,10,Mai,16_36_40
54.45,10,Mai,16_51_41
54.57,10,Mai,17_06_42
53.34,10,Mai,17_21_43
56.21,10,Mai,17_36_44
56.49,10,Mai,17_51_46
59.52,10,Mai,18_06_47
63.22,10,Mai,18_21_48
59.56,10,Mai,18_36_49
60.1,10,Mai,18_51_50
57.29,10,Mai,19_06_51
57.11,10,Mai,19_21_52
54.17,10,Mai,19_36_53
56.49,10,Mai,19_51_54
61.28,10,Mai,20_06_56
59.43,10,Mai,20_21_57
66.55,10,Mai,20_36_58
55.47,10,Mai,20_52_00
61.32,10,Mai,21_07_01
62.29,10,Mai,21_22_02
67.3,10,Mai,21_37_03
64.13,10,Mai,21_52_04
66.36,10,Mai,22_07_05
67.02,10,Mai,22_22_07
62.11,10,Mai,22_37_08
62.07,10,Mai,22_52_09
72.37,10,Mai,23_07_11
73.31,10,Mai,23_22_12
78.34,10,Mai,23_37_13
81.14,10,Mai,23_52_14
68.24,11,Mai,00_07_15
78.55,11,Mai,00_22_17
79.2,11,Mai,00_37_18
85.19,11,Mai,00_52_19
72.34,11,Mai,01_07_20
69.18,11,Mai,01_22_21
72.19,11,Mai,01_37_22
68.5,11,Mai,01_52_24
57.59,11,Mai,02_07_25
68.37,11,Mai,02_22_26
70.41,11,Mai,02_37_27
70.32,11,Mai,02_52_28
67.39,11,Mai,03_07_30
65.11,11,Mai,03_22_31
66.07,11,Mai,03_37_32
58.46,11,Mai,03_52_33
60.01,11,Mai,04_07_34
59.19,11,Mai,04_22_35
58.23,11,Mai,04_37_36
56.32,11,Mai,04_52_37
57.13,11,Mai,05_07_39
57.01,11,Mai,05_22_41
59.31,11,Mai,05_37_42
58.55,11,Mai,05_52_43
58.21,11,Mai,06_07_45
62.29,11,Mai,06_22_47
53.04,11,Mai,06_37_48
58.11,11,Mai,06_52_49
58.38,11,Mai,07_07_51
58.03,11,Mai,07_22_52
56.32,11,Mai,07_37_53
60.32,11,Mai,07_52_54
55.49,11,Mai,08_07_56
56.18,11,Mai,08_22_57
53.38,11,Mai,08_37_58
54.26,11,Mai,08_52_59
54.15,11,Mai,09_08_01
53.41,11,Mai,09_23_02
53.41,11,Mai,09_38_03
54.44,11,Mai,09_53_04
54.22,11,Mai,10_08_05
55.32,11,Mai,10_23_06
52.19,11,Mai,10_38_07
51.1,11,Mai,10_53_09
50.53,11,Mai,11_08_10
52.14,11,Mai,11_23_11
52.59,11,Mai,11_38_12
53.5,11,Mai,11_53_13
54.12,11,Mai,12_08_14
55.08,11,Mai,12_23_15
53.56,11,Mai,12_38_16
53.2,11,Mai,12_53_17
58.03,11,Mai,13_08_19
51.0,11,Mai,13_23_20
51.06,11,Mai,13_38_21
54.32,11,Mai,13_53_22
58.35,11,Mai,14_08_24
60.11,11,Mai,14_23_25
61.01,11,Mai,14_38_26
62.17,11,Mai,14_53_27
62.1,11,Mai,15_08_28
61.3,11,Mai,15_23_29
64.58,11,Mai,15_38_30
58.22,11,Mai,15_53_31
61.59,11,Mai,16_08_33
61.11,11,Mai,16_23_34
60.4,11,Mai,16_38_35
63.34,11,Mai,16_53_36
58.34,11,Mai,17_08_37
71.07,11,Mai,17_23_39
58.47,11,Mai,17_38_40
51.56,11,Mai,17_53_41
57.0,11,Mai,18_08_42
61.4,11,Mai,18_23_43
59.23,11,Mai,18_38_45
63.46,11,Mai,18_53_46
56.28,11,Mai,19_08_47
65.18,11,Mai,19_23_48
55.41,11,Mai,19_38_49
59.29,11,Mai,19_53_50
62.16,11,Mai,20_08_52
61.54,11,Mai,20_23_53
61.47,11,Mai,20_38_54
59.41,11,Mai,20_53_55
59.3,11,Mai,21_08_57
59.56,11,Mai,21_23_58
61.01,11,Mai,21_38_59
61.08,11,Mai,21_54_00
58.52,11,Mai,22_09_02
61.55,11,Mai,22_24_03
60.3,11,Mai,22_39_04
59.49,11,Mai,22_54_05
64.11,11,Mai,23_09_07
72.55,11,Mai,23_24_08
69.59,11,Mai,23_39_09
71.44,11,Mai,23_54_11
